"","acceptedScientificName","acceptedTaxonKey","adm1","adm2","associatedReferences","basisOfRecord","bibliographicCitation","catalogNumber","class","classKey","cloc","collectionCode","collectionID","collectionKey","continent","coordinatePrecision","coordinateUncertaintyInMeters","country","crawlId","datasetID","datasetKey","datasetName","dateIdentified","day","depth","depthAccuracy","disposition","distanceFromCentroidInMeters","dynamicProperties","endDayOfYear","eventDate","eventID","eventRemarks","eventTime","family","familyKey","fieldNotes","fieldNumber","footprintSRS","footprintWKT","fullCountry","gbifID","gbifRegion","genericName","genus","genusKey","geodeticDatum","georeferencedBy","georeferenceVerificationStatus","habitat","higherClassification","higherGeography","hostingOrganizationKey","http://unknown.org/captive_cultivated","http://unknown.org/georeferenceRemarks","http://unknown.org/language","http://unknown.org/license","http://unknown.org/modified","http://unknown.org/nick","http://unknown.org/rightsHolder","identificationID","identificationQualifier","identificationRemarks","identificationVerificationStatus","identifiedBy","identifier","individualCount","installationKey","institutionCode","institutionID","institutionKey","isInCluster","islandGroup","ISO2","isSequenced","key","kingdom","kingdomKey","language","lastCrawled","lastInterpreted","lastParsed","lat","license","lifeStage","locality","locationID","locationRemarks","lon","materialEntityID","modified","month","municipality","nameAccordingTo","nomenclaturalCode","occurrenceID","occurrenceRemarks","occurrenceStatus","order","orderKey","organismQuantity","organismQuantityType","organismRemarks","originalNameUsage","otherCatalogNumbers","ownerInstitutionCode","parentEventID","parentNameUsage","phylum","phylumKey","preparations","previousIdentifications","projectId","protocol","publishedByGbifRegion","publishingCountry","publishingOrgKey","recordedBy","recordNumber","references","rightsHolder","samplingEffort","samplingProtocol","scientificName","scientificNameAuthorship","scientificNameID","sex","species","speciesKey","specificEpithet","startDayOfYear","taxonConceptID","taxonID","taxonKey","taxonomicStatus","taxonRank","type","typeStatus","verbatimDepth","verbatimEventDate","verbatimIdentification","verbatimLocality","vernacularName","vitality","waterBody","year","downloadDate"
"1","Semibalanus balanoides (Linnaeus, 1767)",2115784,"England",NA,NA,"HUMAN_OBSERVATION",NA,"149355603","Maxillopoda",203,"United Kingdom, EUROPE","Observations",NA,NA,"EUROPE",NA,420,"United Kingdom",560,NA,"50c9509d-22c7-4a22-a47d-8c48425ef4a7","iNaturalist research-grade observations","2023-02-21T21:57:49",20,NA,NA,NA,NA,NA,51,"2023-02-20T16:41:23Z",NA,NA,"16:41:23+00:00","Archaeobalanidae",5103,NA,NA,NA,NA,"United Kingdom of Great Britain and Northern Ireland","4062742581","EUROPE","Semibalanus","Semibalanus",2115783,"WGS84",NA,NA,NA,NA,NA,"28eb1a3f-1c15-4a95-931a-4af90ecb574d","wild",NA,NA,NA,NA,"apricaria",NA,"335797475",NA,NA,NA,"Sean Hartnett","149355603",NA,"997448a8-f762-11e1-a439-00145eb45e9a","iNaturalist",NA,NA,FALSE,NA,"GB",FALSE,4062742581,"Animalia",1,NA,"2025-09-22T23:56:44.581+00:00","2025-09-23T14:51:14.575+00:00","2025-09-23T14:51:14.575+00:00",53.503891,"http://creativecommons.org/licenses/by/4.0/legalcode",NA,NA,NA,NA,-3.065073,NA,"2023-03-28T21:29:54.000+00:00",2,NA,NA,NA,"https://www.inaturalist.org/observations/149355603",NA,"PRESENT","Sessilia",1426,NA,NA,NA,NA,NA,NA,NA,NA,"Arthropoda",54,NA,NA,NA,"DWC_ARCHIVE","EUROPE","GB","28eb1a3f-1c15-4a95-931a-4af90ecb574d","Sean Hartnett",NA,"https://www.inaturalist.org/observations/149355603","Sean Hartnett",NA,NA,"Semibalanus balanoides (Linnaeus, 1767)","(Linnaeus, 1767)",NA,NA,"Semibalanus balanoides",2115784,"balanoides",51,NA,"118832",2115784,"ACCEPTED","SPECIES",NA,NA,NA,"2023-02-20 16:41:23Z",NA,"Liverpool Bay, Liverpool, England, GB",NA,NA,NA,2023,2025-09-26
"2","Semibalanus balanoides (Linnaeus, 1767)",2115784,"England",NA,NA,"HUMAN_OBSERVATION",NA,"149355624","Maxillopoda",203,"United Kingdom, EUROPE","Observations",NA,NA,"EUROPE",NA,435,"United Kingdom",560,NA,"50c9509d-22c7-4a22-a47d-8c48425ef4a7","iNaturalist research-grade observations","2023-02-21T21:58:05",20,NA,NA,NA,NA,NA,51,"2023-02-20T16:42:13Z",NA,NA,"16:42:13+00:00","Archaeobalanidae",5103,NA,NA,NA,NA,"United Kingdom of Great Britain and Northern Ireland","4063102569","EUROPE","Semibalanus","Semibalanus",2115783,"WGS84",NA,NA,NA,NA,NA,"28eb1a3f-1c15-4a95-931a-4af90ecb574d","wild",NA,NA,NA,NA,"apricaria",NA,"335797521",NA,NA,NA,"Sean Hartnett","149355624",NA,"997448a8-f762-11e1-a439-00145eb45e9a","iNaturalist",NA,NA,FALSE,NA,"GB",FALSE,4063102569,"Animalia",1,NA,"2025-09-22T23:56:44.581+00:00","2025-09-23T14:51:22.067+00:00","2025-09-23T14:51:22.067+00:00",53.505579,"http://creativecommons.org/licenses/by/4.0/legalcode",NA,NA,NA,NA,-3.063928,NA,"2023-03-28T21:29:54.000+00:00",2,NA,NA,NA,"https://www.inaturalist.org/observations/149355624",NA,"PRESENT","Sessilia",1426,NA,NA,NA,NA,NA,NA,NA,NA,"Arthropoda",54,NA,NA,NA,"DWC_ARCHIVE","EUROPE","GB","28eb1a3f-1c15-4a95-931a-4af90ecb574d","Sean Hartnett",NA,"https://www.inaturalist.org/observations/149355624","Sean Hartnett",NA,NA,"Semibalanus balanoides (Linnaeus, 1767)","(Linnaeus, 1767)",NA,NA,"Semibalanus balanoides",2115784,"balanoides",51,NA,"118832",2115784,"ACCEPTED","SPECIES",NA,NA,NA,"2023-02-20 16:42:13Z",NA,"Crosby, Liverpool, England, GB",NA,NA,NA,2023,2025-09-26
"3","Semibalanus balanoides (Linnaeus, 1767)",2115784,"England",NA,NA,"HUMAN_OBSERVATION",NA,"151915101","Maxillopoda",203,"United Kingdom, EUROPE","Observations",NA,NA,"EUROPE",NA,109,"United Kingdom",560,NA,"50c9509d-22c7-4a22-a47d-8c48425ef4a7","iNaturalist research-grade observations","2023-03-22T11:19:28",22,NA,NA,NA,NA,NA,81,"2023-03-22T11:19:12Z",NA,NA,"11:19:12+00:00","Archaeobalanidae",5103,NA,NA,NA,NA,"United Kingdom of Great Britain and Northern Ireland","4075641112","EUROPE","Semibalanus","Semibalanus",2115783,"WGS84",NA,NA,NA,NA,NA,"28eb1a3f-1c15-4a95-931a-4af90ecb574d","wild",NA,NA,NA,NA,"drmaward",NA,"343262993",NA,NA,NA,"drmaward","151915101",NA,"997448a8-f762-11e1-a439-00145eb45e9a","iNaturalist",NA,NA,FALSE,NA,"GB",FALSE,4075641112,"Animalia",1,NA,"2025-09-22T23:56:44.581+00:00","2025-09-23T11:39:31.165+00:00","2025-09-23T11:39:31.165+00:00",51.212749,"http://creativecommons.org/licenses/by-nc/4.0/legalcode",NA,NA,NA,NA,-3.473825,NA,"2024-10-13T08:43:56.000+00:00",3,NA,NA,NA,"https://www.inaturalist.org/observations/151915101",NA,"PRESENT","Sessilia",1426,NA,NA,NA,NA,NA,NA,NA,NA,"Arthropoda",54,NA,NA,NA,"DWC_ARCHIVE","EUROPE","GB","28eb1a3f-1c15-4a95-931a-4af90ecb574d","drmaward",NA,"https://www.inaturalist.org/observations/151915101","drmaward",NA,NA,"Semibalanus balanoides (Linnaeus, 1767)","(Linnaeus, 1767)",NA,NA,"Semibalanus balanoides",2115784,"balanoides",81,NA,"118832",2115784,"ACCEPTED","SPECIES",NA,NA,NA,"2023-03-22 11:19:12Z",NA,"Bristol Channel, Minehead, England, GB",NA,NA,NA,2023,2025-09-26
"4","Semibalanus balanoides (Linnaeus, 1767)",2115784,"England",NA,NA,"HUMAN_OBSERVATION",NA,"152233419","Maxillopoda",203,"United Kingdom, EUROPE","Observations",NA,NA,"EUROPE",NA,6,"United Kingdom",560,NA,"50c9509d-22c7-4a22-a47d-8c48425ef4a7","iNaturalist research-grade observations","2023-03-25T12:26:44",25,NA,NA,NA,NA,NA,84,"2023-03-25T12:26:11Z",NA,NA,"12:26:11+00:00","Archaeobalanidae",5103,NA,NA,NA,NA,"United Kingdom of Great Britain and Northern Ireland","4075853395","EUROPE","Semibalanus","Semibalanus",2115783,"WGS84",NA,NA,NA,NA,NA,"28eb1a3f-1c15-4a95-931a-4af90ecb574d","wild",NA,NA,NA,NA,"fjb2021",NA,"344037328",NA,NA,NA,"Fiona Boston","152233419",NA,"997448a8-f762-11e1-a439-00145eb45e9a","iNaturalist",NA,NA,FALSE,NA,"GB",FALSE,4075853395,"Animalia",1,NA,"2025-09-22T23:56:44.581+00:00","2025-09-23T13:14:02.419+00:00","2025-09-23T13:14:02.419+00:00",51.210761,"http://creativecommons.org/licenses/by/4.0/legalcode",NA,NA,NA,NA,-3.455478,NA,"2023-03-25T12:35:37.000+00:00",3,NA,NA,NA,"https://www.inaturalist.org/observations/152233419",NA,"PRESENT","Sessilia",1426,NA,NA,NA,NA,NA,NA,NA,NA,"Arthropoda",54,NA,NA,NA,"DWC_ARCHIVE","EUROPE","GB","28eb1a3f-1c15-4a95-931a-4af90ecb574d","Fiona Boston",NA,"https://www.inaturalist.org/observations/152233419","Fiona Boston",NA,NA,"Semibalanus balanoides (Linnaeus, 1767)","(Linnaeus, 1767)",NA,NA,"Semibalanus balanoides",2115784,"balanoides",84,NA,"118832",2115784,"ACCEPTED","SPECIES",NA,NA,NA,"2023-03-25 12:26:11Z",NA,"Seaward Way, Minehead, England, GB",NA,NA,NA,2023,2025-09-26
"5","Semibalanus balanoides (Linnaeus, 1767)",2115784,"Rushen",NA,NA,"HUMAN_OBSERVATION",NA,"164044527","Maxillopoda",203,"Isle of Man, EUROPE","Observations",NA,NA,"EUROPE",NA,NA,"Isle of Man",560,NA,"50c9509d-22c7-4a22-a47d-8c48425ef4a7","iNaturalist research-grade observations","2023-05-27T18:40:22",26,NA,NA,NA,NA,NA,146,"2023-05-26T08:28",NA,NA,"08:28:00+01:00","Archaeobalanidae",5103,NA,NA,NA,NA,"Isle of Man","4126709276","EUROPE","Semibalanus","Semibalanus",2115783,"WGS84",NA,NA,NA,NA,NA,"28eb1a3f-1c15-4a95-931a-4af90ecb574d","wild",NA,NA,NA,NA,"sahalsey",NA,"367960699",NA,NA,NA,"Sheelagh Halsey","164044527",NA,"997448a8-f762-11e1-a439-00145eb45e9a","iNaturalist",NA,NA,FALSE,NA,"IM",FALSE,4126709276,"Animalia",1,NA,"2025-09-22T23:56:44.581+00:00","2025-09-23T11:43:39.860+00:00","2025-09-23T11:43:39.860+00:00",54.088147,"http://creativecommons.org/licenses/by/4.0/legalcode",NA,NA,NA,NA,-4.760481,NA,"2025-09-16T18:32:04.000+00:00",5,NA,NA,NA,"https://www.inaturalist.org/observations/164044527",NA,"PRESENT","Sessilia",1426,NA,NA,NA,NA,NA,NA,NA,NA,"Arthropoda",54,NA,NA,NA,"DWC_ARCHIVE","NORTH_AMERICA","US","28eb1a3f-1c15-4a95-931a-4af90ecb574d","Sheelagh Halsey",NA,"https://www.inaturalist.org/observations/164044527","Sheelagh Halsey",NA,NA,"Semibalanus balanoides (Linnaeus, 1767)","(Linnaeus, 1767)",NA,NA,"Semibalanus balanoides",2115784,"balanoides",146,NA,"118832",2115784,"ACCEPTED","SPECIES",NA,NA,NA,"2023/05/26 8:28 AM",NA,"Port Erin, Rushen, Isle of Man",NA,NA,NA,2023,2025-09-26
"6","Semibalanus balanoides (Linnaeus, 1767)",2115784,"Wales",NA,NA,"HUMAN_OBSERVATION",NA,"170718745","Maxillopoda",203,"United Kingdom, EUROPE","Observations",NA,NA,"EUROPE",NA,2,"United Kingdom",560,NA,"50c9509d-22c7-4a22-a47d-8c48425ef4a7","iNaturalist research-grade observations","2023-07-02T20:35:43",16,NA,NA,NA,NA,NA,136,"2023-05-16T13:43",NA,NA,"13:43:00+01:00","Archaeobalanidae",5103,NA,NA,NA,NA,"United Kingdom of Great Britain and Northern Ireland","4145216187","EUROPE","Semibalanus","Semibalanus",2115783,"WGS84",NA,NA,NA,NA,NA,"28eb1a3f-1c15-4a95-931a-4af90ecb574d","wild",NA,NA,NA,NA,"steve_mcwilliam",NA,"381345161",NA,NA,NA,"Stephen James McWilliam","170718745",NA,"997448a8-f762-11e1-a439-00145eb45e9a","iNaturalist",NA,NA,FALSE,NA,"GB",FALSE,4145216187,"Animalia",1,NA,"2025-09-22T23:56:44.581+00:00","2025-09-23T14:57:52.986+00:00","2025-09-23T14:57:52.986+00:00",53.411488,"http://creativecommons.org/publicdomain/zero/1.0/legalcode",NA,NA,NA,NA,-4.512921,NA,"2025-06-18T22:02:03.000+00:00",5,NA,NA,NA,"https://www.inaturalist.org/observations/170718745",NA,"PRESENT","Sessilia",1426,NA,NA,NA,NA,NA,NA,NA,NA,"Arthropoda",54,NA,NA,NA,"DWC_ARCHIVE","NORTH_AMERICA","US","28eb1a3f-1c15-4a95-931a-4af90ecb574d","Stephen James McWilliam",NA,"https://www.inaturalist.org/observations/170718745","Stephen James McWilliam",NA,NA,"Semibalanus balanoides (Linnaeus, 1767)","(Linnaeus, 1767)",NA,NA,"Semibalanus balanoides",2115784,"balanoides",136,NA,"118832",2115784,"ACCEPTED","SPECIES",NA,NA,NA,"2023/05/16 1:43 PM",NA,"Cemlyn Bay, Cemlyn, Anglesey, North Wales, UK",NA,NA,NA,2023,2025-09-26
"7","Semibalanus balanoides (Linnaeus, 1767)",2115784,"Wales",NA,NA,"HUMAN_OBSERVATION",NA,"180415095","Maxillopoda",203,"United Kingdom, EUROPE","Observations",NA,NA,"EUROPE",NA,2,"United Kingdom",560,NA,"50c9509d-22c7-4a22-a47d-8c48425ef4a7","iNaturalist research-grade observations","2023-08-27T10:19:36",24,NA,NA,NA,NA,NA,144,"2023-05-24T10:39",NA,NA,"10:39:00+01:00","Archaeobalanidae",5103,NA,NA,NA,NA,"United Kingdom of Great Britain and Northern Ireland","4413380650","EUROPE","Semibalanus","Semibalanus",2115783,"WGS84",NA,NA,NA,NA,NA,"28eb1a3f-1c15-4a95-931a-4af90ecb574d","wild",NA,NA,NA,NA,"steve_mcwilliam",NA,"401860034",NA,NA,NA,"Stephen James McWilliam","180415095",NA,"997448a8-f762-11e1-a439-00145eb45e9a","iNaturalist",NA,NA,FALSE,NA,"GB",FALSE,4413380650,"Animalia",1,NA,"2025-09-22T23:56:44.581+00:00","2025-09-23T11:49:41.200+00:00","2025-09-23T11:49:41.200+00:00",53.27668,"http://creativecommons.org/publicdomain/zero/1.0/legalcode",NA,NA,NA,NA,-4.617356,NA,"2025-06-18T22:01:42.000+00:00",5,NA,NA,NA,"https://www.inaturalist.org/observations/180415095",NA,"PRESENT","Sessilia",1426,NA,NA,NA,NA,NA,NA,NA,NA,"Arthropoda",54,NA,NA,NA,"DWC_ARCHIVE","NORTH_AMERICA","US","28eb1a3f-1c15-4a95-931a-4af90ecb574d","Stephen James McWilliam",NA,"https://www.inaturalist.org/observations/180415095","Stephen James McWilliam",NA,NA,"Semibalanus balanoides (Linnaeus, 1767)","(Linnaeus, 1767)",NA,NA,"Semibalanus balanoides",2115784,"balanoides",144,NA,"118832",2115784,"ACCEPTED","SPECIES",NA,NA,NA,"2023/05/24 10:39 AM",NA,"Trearddur Bay, Lon Isallt, Trearddur, Anglesey, North Wales, UK",NA,NA,NA,2023,2025-09-26
"8","Semibalanus balanoides (Linnaeus, 1767)",2115784,"England",NA,NA,"HUMAN_OBSERVATION",NA,"165611765","Maxillopoda",203,"United Kingdom, EUROPE","Observations",NA,NA,"EUROPE",NA,NA,"United Kingdom",560,NA,"50c9509d-22c7-4a22-a47d-8c48425ef4a7","iNaturalist research-grade observations","2023-06-04T22:31:40",4,NA,NA,NA,NA,NA,155,"2023-06-04T11:29:48",NA,NA,"11:29:48+01:00","Archaeobalanidae",5103,NA,NA,NA,NA,"United Kingdom of Great Britain and Northern Ireland","4424081669","EUROPE","Semibalanus","Semibalanus",2115783,"WGS84",NA,NA,NA,NA,NA,"28eb1a3f-1c15-4a95-931a-4af90ecb574d","wild",NA,NA,NA,NA,"robsid",NA,"371064421",NA,NA,NA,"Rob Sidaway","165611765",NA,"997448a8-f762-11e1-a439-00145eb45e9a","iNaturalist",NA,NA,FALSE,NA,"GB",FALSE,4424081669,"Animalia",1,NA,"2025-09-22T23:56:44.581+00:00","2025-09-23T13:18:15.327+00:00","2025-09-23T13:18:15.327+00:00",51.203609,"http://creativecommons.org/licenses/by-nc/4.0/legalcode",NA,NA,NA,NA,-3.193837,NA,"2023-10-06T21:19:51.000+00:00",6,NA,NA,NA,"https://www.inaturalist.org/observations/165611765",NA,"PRESENT","Sessilia",1426,NA,NA,NA,NA,NA,NA,NA,NA,"Arthropoda",54,NA,NA,NA,"DWC_ARCHIVE","EUROPE","GB","28eb1a3f-1c15-4a95-931a-4af90ecb574d","Rob Sidaway",NA,"https://www.inaturalist.org/observations/165611765","Rob Sidaway",NA,NA,"Semibalanus balanoides (Linnaeus, 1767)","(Linnaeus, 1767)",NA,NA,"Semibalanus balanoides",2115784,"balanoides",155,NA,"118832",2115784,"ACCEPTED","SPECIES",NA,NA,NA,"2023-06-04 11:29:48",NA,"Lilstock, Bridgwater TA5 1SU, UK",NA,NA,NA,2023,2025-09-26
"9","Semibalanus balanoides (Linnaeus, 1767)",2115784,"Scotland",NA,NA,"HUMAN_OBSERVATION",NA,"170322053","Maxillopoda",203,"United Kingdom, EUROPE","Observations",NA,NA,"EUROPE",NA,4,"United Kingdom",560,NA,"50c9509d-22c7-4a22-a47d-8c48425ef4a7","iNaturalist research-grade observations","2025-05-18T16:01:09",29,NA,NA,NA,NA,NA,180,"2023-06-29T10:55:28",NA,NA,"10:55:28+01:00","Archaeobalanidae",5103,NA,NA,NA,NA,"United Kingdom of Great Britain and Northern Ireland","5166755413","EUROPE","Semibalanus","Semibalanus",2115783,"WGS84",NA,NA,NA,NA,NA,"28eb1a3f-1c15-4a95-931a-4af90ecb574d","wild",NA,NA,NA,NA,"spanglerwoodbirds",NA,"634071686",NA,NA,NA,"barnacool","170322053",NA,"997448a8-f762-11e1-a439-00145eb45e9a","iNaturalist",NA,NA,FALSE,NA,"GB",FALSE,5166755413,"Animalia",1,NA,"2025-09-22T23:56:44.581+00:00","2025-09-23T11:46:06.789+00:00","2025-09-23T11:46:06.789+00:00",56.535488,"http://creativecommons.org/licenses/by-nc/4.0/legalcode",NA,NA,NA,NA,-5.413638,NA,"2025-05-18T23:30:01.000+00:00",6,NA,NA,NA,"https://www.inaturalist.org/observations/170322053",NA,"PRESENT","Sessilia",1426,NA,NA,NA,NA,NA,NA,NA,NA,"Arthropoda",54,NA,NA,NA,"DWC_ARCHIVE","NORTH_AMERICA","US","28eb1a3f-1c15-4a95-931a-4af90ecb574d","Matt Spangler",NA,"https://www.inaturalist.org/observations/170322053","Matt Spangler",NA,NA,"Semibalanus balanoides (Linnaeus, 1767)","(Linnaeus, 1767)",NA,NA,"Semibalanus balanoides",2115784,"balanoides",180,NA,"118832",2115784,"ACCEPTED","SPECIES",NA,NA,NA,"2023-06-29 10:55:28+01:00",NA,"Loch Etive, Oban, Scotland, GB",NA,NA,NA,2023,2025-09-26
"10","Semibalanus balanoides (Linnaeus, 1767)",2115784,"England",NA,NA,"HUMAN_OBSERVATION",NA,"194221421","Maxillopoda",203,"United Kingdom, EUROPE","Observations",NA,NA,"EUROPE",NA,182,"United Kingdom",560,NA,"50c9509d-22c7-4a22-a47d-8c48425ef4a7","iNaturalist research-grade observations","2023-12-17T20:42:03",1,NA,NA,NA,NA,NA,182,"2023-07-01T11:08",NA,NA,"11:08:00+01:00","Archaeobalanidae",5103,NA,NA,NA,NA,"United Kingdom of Great Britain and Northern Ireland","4500632071","EUROPE","Semibalanus","Semibalanus",2115783,"WGS84",NA,NA,NA,NA,NA,"28eb1a3f-1c15-4a95-931a-4af90ecb574d","wild",NA,NA,NA,NA,"an_bollenessor",NA,"435813549",NA,NA,NA,"Michiel Vos","194221421",NA,"997448a8-f762-11e1-a439-00145eb45e9a","iNaturalist",NA,NA,FALSE,NA,"GB",FALSE,4500632071,"Animalia",1,NA,"2025-09-22T23:56:44.581+00:00","2025-09-23T11:53:00.779+00:00","2025-09-23T11:53:00.779+00:00",50.16443,"http://creativecommons.org/licenses/by-nc/4.0/legalcode",NA,NA,NA,NA,-5.072819,NA,"2023-12-17T20:51:47.000+00:00",7,NA,NA,NA,"https://www.inaturalist.org/observations/194221421",NA,"PRESENT","Sessilia",1426,NA,NA,NA,NA,NA,NA,NA,NA,"Arthropoda",54,NA,NA,NA,"DWC_ARCHIVE","EUROPE","GB","28eb1a3f-1c15-4a95-931a-4af90ecb574d","Michiel Vos",NA,"https://www.inaturalist.org/observations/194221421","Michiel Vos",NA,NA,"Semibalanus balanoides (Linnaeus, 1767)","(Linnaeus, 1767)",NA,NA,"Semibalanus balanoides",2115784,"balanoides",182,NA,"118832",2115784,"ACCEPTED","SPECIES",NA,NA,NA,"2023/07/01 11:08 AM",NA,"Flushing, UK (Luce's Beach)",NA,NA,NA,2023,2025-09-26
"11","Semibalanus balanoides (Linnaeus, 1767)",2115784,"Scotland",NA,NA,"HUMAN_OBSERVATION",NA,"176131381","Maxillopoda",203,"United Kingdom, EUROPE","Observations",NA,NA,"EUROPE",NA,462,"United Kingdom",560,NA,"50c9509d-22c7-4a22-a47d-8c48425ef4a7","iNaturalist research-grade observations","2023-08-01T16:48:39",1,NA,NA,NA,NA,NA,213,"2023-08-01T17:47:37",NA,NA,"17:47:37+01:00","Archaeobalanidae",5103,NA,NA,NA,NA,"United Kingdom of Great Britain and Northern Ireland","4171854292","EUROPE","Semibalanus","Semibalanus",2115783,"WGS84",NA,NA,NA,NA,NA,"28eb1a3f-1c15-4a95-931a-4af90ecb574d","wild",NA,NA,NA,NA,"scribblyfloss",NA,"392479995",NA,NA,NA,"scribblyfloss","176131381",NA,"997448a8-f762-11e1-a439-00145eb45e9a","iNaturalist",NA,NA,FALSE,NA,"GB",FALSE,4171854292,"Animalia",1,NA,"2025-09-22T23:56:44.581+00:00","2025-09-23T14:59:37.152+00:00","2025-09-23T14:59:37.152+00:00",55.91351,"http://creativecommons.org/licenses/by-nc/4.0/legalcode",NA,NA,NA,NA,-5.130123,NA,"2023-08-01T20:49:44.000+00:00",8,NA,NA,NA,"https://www.inaturalist.org/observations/176131381",NA,"PRESENT","Sessilia",1426,NA,NA,NA,NA,NA,NA,NA,NA,"Arthropoda",54,NA,NA,NA,"DWC_ARCHIVE","NORTH_AMERICA","US","28eb1a3f-1c15-4a95-931a-4af90ecb574d","scribblyfloss",NA,"https://www.inaturalist.org/observations/176131381","scribblyfloss",NA,NA,"Semibalanus balanoides (Linnaeus, 1767)","(Linnaeus, 1767)",NA,NA,"Semibalanus balanoides",2115784,"balanoides",213,NA,"118832",2115784,"ACCEPTED","SPECIES",NA,NA,NA,"2023-08-01 17:47:37+01:00",NA,"Kyles of Bute, Colintraive, Scotland, GB",NA,NA,NA,2023,2025-09-26
"12","Semibalanus balanoides (Linnaeus, 1767)",2115784,"England",NA,NA,"HUMAN_OBSERVATION",NA,"176956515","Maxillopoda",203,"United Kingdom, EUROPE","Observations",NA,NA,"EUROPE",NA,NA,"United Kingdom",560,NA,"50c9509d-22c7-4a22-a47d-8c48425ef4a7","iNaturalist research-grade observations","2023-08-06T13:12:27",6,NA,NA,NA,NA,NA,218,"2023-08-06T14:10:10",NA,NA,"14:10:10+01:00","Archaeobalanidae",5103,NA,NA,NA,NA,"United Kingdom of Great Britain and Northern Ireland","4172075059","EUROPE","Semibalanus","Semibalanus",2115783,"WGS84",NA,NA,NA,NA,NA,"28eb1a3f-1c15-4a95-931a-4af90ecb574d","wild",NA,NA,NA,NA,"irenezaina",NA,"394233929",NA,NA,NA,"Irene Zaina","176956515",NA,"997448a8-f762-11e1-a439-00145eb45e9a","iNaturalist",NA,NA,FALSE,NA,"GB",FALSE,4172075059,"Animalia",1,NA,"2025-09-22T23:56:44.581+00:00","2025-09-23T11:48:31.277+00:00","2025-09-23T11:48:31.277+00:00",55.070556,"http://creativecommons.org/licenses/by/4.0/legalcode",NA,NA,NA,NA,-1.450278,NA,"2023-08-06T16:34:20.000+00:00",8,NA,NA,NA,"https://www.inaturalist.org/observations/176956515",NA,"PRESENT","Sessilia",1426,NA,NA,NA,NA,NA,NA,NA,NA,"Arthropoda",54,NA,NA,NA,"DWC_ARCHIVE","EUROPE","GB","28eb1a3f-1c15-4a95-931a-4af90ecb574d","Irene Zaina",NA,"https://www.inaturalist.org/observations/176956515","Irene Zaina",NA,NA,"Semibalanus balanoides (Linnaeus, 1767)","(Linnaeus, 1767)",NA,NA,"Semibalanus balanoides",2115784,"balanoides",218,NA,"118832",2115784,"ACCEPTED","SPECIES",NA,NA,NA,"2023-08-06 14:10:10",NA,"Whitley Bay NE26 4RS, UK",NA,NA,NA,2023,2025-09-26
"13","Semibalanus balanoides (Linnaeus, 1767)",2115784,"England",NA,NA,"HUMAN_OBSERVATION",NA,"177977174","Maxillopoda",203,"United Kingdom, EUROPE","Observations",NA,NA,"EUROPE",NA,292,"United Kingdom",560,NA,"50c9509d-22c7-4a22-a47d-8c48425ef4a7","iNaturalist research-grade observations","2023-08-12T12:02:25",12,NA,NA,NA,NA,NA,224,"2023-08-12T13:02:15",NA,NA,"13:02:15+01:00","Archaeobalanidae",5103,NA,NA,NA,NA,"United Kingdom of Great Britain and Northern Ireland","4400372629","EUROPE","Semibalanus","Semibalanus",2115783,"WGS84",NA,NA,NA,NA,NA,"28eb1a3f-1c15-4a95-931a-4af90ecb574d","wild",NA,NA,NA,NA,"janliz",NA,"396413635",NA,NA,NA,"janliz","177977174",NA,"997448a8-f762-11e1-a439-00145eb45e9a","iNaturalist",NA,NA,FALSE,NA,"GB",FALSE,4400372629,"Animalia",1,NA,"2025-09-22T23:56:44.581+00:00","2025-09-23T15:00:03.543+00:00","2025-09-23T15:00:03.543+00:00",52.945496,"http://creativecommons.org/licenses/by-nc/4.0/legalcode",NA,NA,NA,NA,1.2149,NA,"2023-08-16T22:40:09.000+00:00",8,NA,NA,NA,"https://www.inaturalist.org/observations/177977174",NA,"PRESENT","Sessilia",1426,NA,NA,NA,NA,NA,NA,NA,NA,"Arthropoda",54,NA,NA,NA,"DWC_ARCHIVE","NORTH_AMERICA","US","28eb1a3f-1c15-4a95-931a-4af90ecb574d","janliz",NA,"https://www.inaturalist.org/observations/177977174","janliz",NA,NA,"Semibalanus balanoides (Linnaeus, 1767)","(Linnaeus, 1767)",NA,NA,"Semibalanus balanoides",2115784,"balanoides",224,NA,"118832",2115784,"ACCEPTED","SPECIES",NA,NA,NA,"Sat Aug 12 2023 13:02:15 GMT +0100 (GMT)",NA,"Sheringham",NA,NA,NA,2023,2025-09-26
"14","Semibalanus balanoides (Linnaeus, 1767)",2115784,"Scotland",NA,NA,"HUMAN_OBSERVATION",NA,"181173823","Maxillopoda",203,"United Kingdom, EUROPE","Observations",NA,NA,"EUROPE",NA,3,"United Kingdom",560,NA,"50c9509d-22c7-4a22-a47d-8c48425ef4a7","iNaturalist research-grade observations","2023-09-04T19:01:36",28,NA,NA,NA,NA,NA,240,"2023-08-28T15:04:49",NA,NA,"15:04:49+01:00","Archaeobalanidae",5103,NA,NA,NA,NA,"United Kingdom of Great Britain and Northern Ireland","4413484137","EUROPE","Semibalanus","Semibalanus",2115783,"WGS84",NA,NA,NA,NA,NA,"28eb1a3f-1c15-4a95-931a-4af90ecb574d","wild",NA,NA,NA,NA,"mikegrutherford",NA,"404867242",NA,NA,NA,"Mike G. Rutherford","181173823",NA,"997448a8-f762-11e1-a439-00145eb45e9a","iNaturalist",NA,NA,FALSE,NA,"GB",FALSE,4413484137,"Animalia",1,NA,"2025-09-22T23:56:44.581+00:00","2025-09-23T13:24:21.712+00:00","2025-09-23T13:24:21.712+00:00",56.058042,"http://creativecommons.org/publicdomain/zero/1.0/legalcode",NA,NA,NA,NA,-2.698596,NA,"2023-09-07T14:34:51.000+00:00",8,NA,NA,NA,"https://www.inaturalist.org/observations/181173823",NA,"PRESENT","Sessilia",1426,NA,NA,NA,NA,NA,NA,NA,NA,"Arthropoda",54,NA,NA,NA,"DWC_ARCHIVE","EUROPE","GB","28eb1a3f-1c15-4a95-931a-4af90ecb574d","Mike G. Rutherford",NA,"https://www.inaturalist.org/observations/181173823","Mike G. Rutherford",NA,NA,"Semibalanus balanoides (Linnaeus, 1767)","(Linnaeus, 1767)",NA,NA,"Semibalanus balanoides",2115784,"balanoides",240,NA,"118832",2115784,"ACCEPTED","SPECIES",NA,NA,NA,"2023-08-28 15:04:49",NA,"North Berwick EH39, UK",NA,NA,NA,2023,2025-09-26
"15","Semibalanus balanoides (Linnaeus, 1767)",2115784,"England",NA,NA,"HUMAN_OBSERVATION",NA,"193667747","Maxillopoda",203,"United Kingdom, EUROPE","Observations",NA,NA,"EUROPE",NA,NA,"United Kingdom",560,NA,"50c9509d-22c7-4a22-a47d-8c48425ef4a7","iNaturalist research-grade observations","2023-12-11T01:52:52",18,NA,NA,NA,NA,NA,230,"2023-08-18T18:44",NA,NA,"18:44:00+01:00","Archaeobalanidae",5103,NA,NA,NA,NA,"United Kingdom of Great Britain and Northern Ireland","4465473989","EUROPE","Semibalanus","Semibalanus",2115783,"WGS84",NA,NA,NA,NA,NA,"28eb1a3f-1c15-4a95-931a-4af90ecb574d","wild",NA,NA,NA,NA,"y_y",NA,"434101538",NA,NA,NA,"Yulia Yelovska","193667747",NA,"997448a8-f762-11e1-a439-00145eb45e9a","iNaturalist",NA,NA,FALSE,NA,"GB",FALSE,4465473989,"Animalia",1,NA,"2025-09-22T23:56:44.581+00:00","2025-09-23T15:06:07.590+00:00","2025-09-23T15:06:07.590+00:00",51.082158,"http://creativecommons.org/licenses/by-nc/4.0/legalcode",NA,NA,NA,NA,1.192762,NA,"2023-12-12T19:32:01.000+00:00",8,NA,NA,NA,"https://www.inaturalist.org/observations/193667747",NA,"PRESENT","Sessilia",1426,NA,NA,NA,NA,NA,NA,NA,NA,"Arthropoda",54,NA,NA,NA,"DWC_ARCHIVE","NORTH_AMERICA","US","28eb1a3f-1c15-4a95-931a-4af90ecb574d","Yulia Yelovska",NA,"https://www.inaturalist.org/observations/193667747","Yulia Yelovska",NA,NA,"Semibalanus balanoides (Linnaeus, 1767)","(Linnaeus, 1767)",NA,NA,"Semibalanus balanoides",2115784,"balanoides",230,NA,"118832",2115784,"ACCEPTED","SPECIES",NA,NA,NA,"2023/08/18 6:44 PM",NA,"Folkestone, UK",NA,NA,NA,2023,2025-09-26
"16","Semibalanus balanoides (Linnaeus, 1767)",2115784,"Wales",NA,NA,"HUMAN_OBSERVATION",NA,"194131476","Maxillopoda",203,"United Kingdom, EUROPE","Observations",NA,NA,"EUROPE",NA,NA,"United Kingdom",560,NA,"50c9509d-22c7-4a22-a47d-8c48425ef4a7","iNaturalist research-grade observations","2023-12-16T20:12:31",1,NA,NA,NA,NA,NA,213,"2023-08-01T15:07:50",NA,NA,"15:07:50+01:00","Archaeobalanidae",5103,NA,NA,NA,NA,"United Kingdom of Great Britain and Northern Ireland","4500890786","EUROPE","Semibalanus","Semibalanus",2115783,"WGS84",NA,NA,NA,NA,NA,"28eb1a3f-1c15-4a95-931a-4af90ecb574d","wild",NA,NA,NA,NA,"woollin",NA,"435561694",NA,NA,NA,"Jennifer Woollin","194131476",NA,"997448a8-f762-11e1-a439-00145eb45e9a","iNaturalist",NA,NA,FALSE,NA,"GB",FALSE,4500890786,"Animalia",1,NA,"2025-09-22T23:56:44.581+00:00","2025-09-23T11:54:30.566+00:00","2025-09-23T11:54:30.566+00:00",53.14308,"http://creativecommons.org/publicdomain/zero/1.0/legalcode",NA,NA,NA,NA,-4.40904,NA,"2023-12-17T21:20:45.000+00:00",8,NA,NA,NA,"https://www.inaturalist.org/observations/194131476",NA,"PRESENT","Sessilia",1426,NA,NA,NA,NA,NA,NA,NA,NA,"Arthropoda",54,NA,NA,NA,"DWC_ARCHIVE","EUROPE","GB","28eb1a3f-1c15-4a95-931a-4af90ecb574d","Jennifer Woollin",NA,"https://www.inaturalist.org/observations/194131476","Jennifer Woollin",NA,NA,"Semibalanus balanoides (Linnaeus, 1767)","(Linnaeus, 1767)",NA,NA,"Semibalanus balanoides",2115784,"balanoides",213,NA,"118832",2115784,"ACCEPTED","SPECIES",NA,NA,NA,"2023-08-01 15:07:50",NA,"Anglesey, Wales, GB",NA,NA,NA,2023,2025-09-26
"17","Semibalanus balanoides (Linnaeus, 1767)",2115784,"England",NA,NA,"HUMAN_OBSERVATION",NA,"185400180","Maxillopoda",203,"United Kingdom, EUROPE","Observations",NA,NA,"EUROPE",NA,3,"United Kingdom",560,NA,"50c9509d-22c7-4a22-a47d-8c48425ef4a7","iNaturalist research-grade observations","2023-09-29T10:50:34",29,NA,NA,NA,NA,NA,272,"2023-09-29T11:50",NA,NA,"11:50:00+01:00","Archaeobalanidae",5103,NA,NA,NA,NA,"United Kingdom of Great Britain and Northern Ireland","4420676662","EUROPE","Semibalanus","Semibalanus",2115783,"WGS84",NA,NA,NA,NA,NA,"28eb1a3f-1c15-4a95-931a-4af90ecb574d","wild",NA,NA,NA,NA,"drmaward",NA,"412803765",NA,NA,NA,"drmaward","185400180",NA,"997448a8-f762-11e1-a439-00145eb45e9a","iNaturalist",NA,NA,FALSE,NA,"GB",FALSE,4420676662,"Animalia",1,NA,"2025-09-22T23:56:44.581+00:00","2025-09-23T11:51:07.639+00:00","2025-09-23T11:51:07.639+00:00",51.213122,"http://creativecommons.org/licenses/by-nc/4.0/legalcode",NA,NA,NA,NA,-3.456333,NA,"2024-10-13T08:43:56.000+00:00",9,NA,NA,NA,"https://www.inaturalist.org/observations/185400180",NA,"PRESENT","Sessilia",1426,NA,NA,NA,NA,NA,NA,NA,NA,"Arthropoda",54,NA,NA,NA,"DWC_ARCHIVE","EUROPE","GB","28eb1a3f-1c15-4a95-931a-4af90ecb574d","drmaward",NA,"https://www.inaturalist.org/observations/185400180","drmaward",NA,NA,"Semibalanus balanoides (Linnaeus, 1767)","(Linnaeus, 1767)",NA,NA,"Semibalanus balanoides",2115784,"balanoides",272,NA,"118832",2115784,"ACCEPTED","SPECIES",NA,NA,NA,"2023-09-29 11:50:00+01:00",NA,"Bristol Channel, West Somerset, England, GB",NA,NA,NA,2023,2025-09-26
"18","Semibalanus balanoides (Linnaeus, 1767)",2115784,"England",NA,NA,"HUMAN_OBSERVATION",NA,"185873186","Maxillopoda",203,"United Kingdom, EUROPE","Observations",NA,NA,"EUROPE",NA,4,"United Kingdom",560,NA,"50c9509d-22c7-4a22-a47d-8c48425ef4a7","iNaturalist research-grade observations","2023-10-02T07:37:47",30,NA,NA,NA,NA,NA,273,"2023-09-30T10:42",NA,NA,"10:42:00+01:00","Archaeobalanidae",5103,NA,NA,NA,NA,"United Kingdom of Great Britain and Northern Ireland","4420959900","EUROPE","Semibalanus","Semibalanus",2115783,"WGS84",NA,NA,NA,NA,NA,"28eb1a3f-1c15-4a95-931a-4af90ecb574d","wild",NA,NA,NA,NA,"kitcathfrancis",NA,"413789671",NA,NA,NA,"CL Francis","185873186",NA,"997448a8-f762-11e1-a439-00145eb45e9a","iNaturalist",NA,NA,FALSE,NA,"GB",FALSE,4420959900,"Animalia",1,NA,"2025-09-22T23:56:44.581+00:00","2025-09-23T11:56:16.859+00:00","2025-09-23T11:56:16.859+00:00",50.322515,"http://creativecommons.org/licenses/by-nc/4.0/legalcode",NA,NA,NA,NA,-5.200742,NA,"2023-10-02T09:21:34.000+00:00",9,NA,NA,NA,"https://www.inaturalist.org/observations/185873186",NA,"PRESENT","Sessilia",1426,NA,NA,NA,NA,NA,NA,NA,NA,"Arthropoda",54,NA,NA,NA,"DWC_ARCHIVE","EUROPE","GB","28eb1a3f-1c15-4a95-931a-4af90ecb574d","CL Francis",NA,"https://www.inaturalist.org/observations/185873186","CL Francis",NA,NA,"Semibalanus balanoides (Linnaeus, 1767)","(Linnaeus, 1767)",NA,NA,"Semibalanus balanoides",2115784,"balanoides",273,NA,"118832",2115784,"ACCEPTED","SPECIES",NA,NA,NA,"2023/09/30 10:42 AM",NA,"Trevaunance Cove, St Agnes,Cornwall, UK",NA,NA,NA,2023,2025-09-26
"19","Semibalanus balanoides (Linnaeus, 1767)",2115784,"England",NA,NA,"HUMAN_OBSERVATION",NA,NA,"Maxillopoda",203,"Gylly Extreme South, United Kingdom, EUROPE","The Rockpool Project | Imported records",NA,NA,"EUROPE",NA,50,"United Kingdom",377,NA,"97d01261-0027-4e89-a0d2-4a7d700f5fdb",NA,NA,19,NA,NA,NA,NA,NA,262,"2023-09-19","24664495",NA,NA,"Archaeobalanidae",5103,NA,NA,NA,NA,"United Kingdom of Great Britain and Northern Ireland","4596004148","EUROPE","Semibalanus","Semibalanus",2115783,"WGS84",NA,NA,NA,NA,NA,"07f617d0-c688-11d8-bf62-b8a03c50a862",NA,NA,NA,"https://creativecommons.org/licenses/by/4.0/legalcode",NA,NA,"Marine Biological Association, and Biological Records Centre",NA,NA,NA,"Accepted",NA,"491c101d-4ebb-4bf8-b844-4d0527f73d2a",NA,"99552c70-f762-11e1-a439-00145eb45e9a",NA,NA,NA,FALSE,NA,"GB",FALSE,4596004148,"Animalia",1,NA,"2025-09-13T22:51:28.990+00:00","2025-09-15T09:50:48.525+00:00","2025-09-15T09:50:48.525+00:00",50.141977,"http://creativecommons.org/licenses/by/4.0/legalcode",NA,"Gylly Extreme South",NA,NA,-5.069311,NA,NA,9,NA,NA,NA,"34399440",NA,"PRESENT","Sessilia",1426,NA,NA,NA,NA,NA,NA,NA,NA,"Arthropoda",54,NA,NA,NA,"DWC_ARCHIVE","EUROPE","GB","f6b48504-1651-4a49-a88d-c2bc6178694d","Holt, B. Ben|Jen",NA,NA,NA,NA,NA,"Semibalanus balanoides (Linnaeus, 1767)","(Linnaeus, 1767)",NA,NA,"Semibalanus balanoides",2115784,"balanoides",262,"NBNSYS0000042568","NBNSYS0000042568",2115784,"ACCEPTED","SPECIES",NA,NA,NA,NA,NA,NA,"Acorn Barnacle",NA,NA,2023,2025-09-26
"20","Semibalanus balanoides (Linnaeus, 1767)",2115784,"Scotland",NA,NA,"HUMAN_OBSERVATION",NA,"183257148","Maxillopoda",203,"United Kingdom, EUROPE","Observations",NA,NA,"EUROPE",NA,8,"United Kingdom",560,NA,"50c9509d-22c7-4a22-a47d-8c48425ef4a7","iNaturalist research-grade observations","2023-09-14T19:19:22",8,NA,NA,NA,NA,NA,251,"2023-09-08T19:09:47",NA,NA,"19:09:47+01:00","Archaeobalanidae",5103,NA,NA,NA,NA,"United Kingdom of Great Britain and Northern Ireland","4872584653","EUROPE","Semibalanus","Semibalanus",2115783,"WGS84",NA,NA,NA,NA,NA,"28eb1a3f-1c15-4a95-931a-4af90ecb574d","wild",NA,NA,NA,NA,"entomo-logic",NA,"408117825",NA,NA,NA,"Tony Palmer","183257148",NA,"997448a8-f762-11e1-a439-00145eb45e9a","iNaturalist",NA,NA,FALSE,NA,"GB",FALSE,4872584653,"Animalia",1,NA,"2025-09-22T23:56:44.581+00:00","2025-09-23T11:50:41.869+00:00","2025-09-23T11:50:41.869+00:00",56.813137,"http://creativecommons.org/licenses/by-nc/4.0/legalcode",NA,NA,NA,NA,-5.120092,NA,"2025-04-24T12:29:24.000+00:00",9,NA,NA,NA,"https://www.inaturalist.org/observations/183257148",NA,"PRESENT","Sessilia",1426,NA,NA,NA,NA,NA,NA,NA,NA,"Arthropoda",54,NA,NA,NA,"DWC_ARCHIVE","NORTH_AMERICA","US","28eb1a3f-1c15-4a95-931a-4af90ecb574d","Tony Palmer",NA,"https://www.inaturalist.org/observations/183257148","Tony Palmer",NA,NA,"Semibalanus balanoides (Linnaeus, 1767)","(Linnaeus, 1767)",NA,NA,"Semibalanus balanoides",2115784,"balanoides",251,NA,"118832",2115784,"ACCEPTED","SPECIES",NA,NA,NA,"2023-09-08 19:09:47+01:00",NA,"Inner Seas off the West Coast of Scotland, Fort William, Scotland, GB",NA,NA,NA,2023,2025-09-26
"21","Semibalanus balanoides (Linnaeus, 1767)",2115784,"England",NA,NA,"HUMAN_OBSERVATION",NA,"189482336","Maxillopoda",203,"United Kingdom, EUROPE","Observations",NA,NA,"EUROPE",NA,3,"United Kingdom",560,NA,"50c9509d-22c7-4a22-a47d-8c48425ef4a7","iNaturalist research-grade observations","2023-10-30T16:41:28",26,NA,NA,NA,NA,NA,299,"2023-10-26T14:49:06",NA,NA,"14:49:06+01:00","Archaeobalanidae",5103,NA,NA,NA,NA,"United Kingdom of Great Britain and Northern Ireland","4436327464","EUROPE","Semibalanus","Semibalanus",2115783,"WGS84",NA,NA,NA,NA,NA,"28eb1a3f-1c15-4a95-931a-4af90ecb574d","wild",NA,NA,NA,NA,"erdonmezon",NA,"422714243",NA,NA,NA,"erdonmezon","189482336",NA,"997448a8-f762-11e1-a439-00145eb45e9a","iNaturalist",NA,NA,FALSE,NA,"GB",FALSE,4436327464,"Animalia",1,NA,"2025-09-22T23:56:44.581+00:00","2025-09-23T13:27:37.840+00:00","2025-09-23T13:27:37.840+00:00",51.13349,"http://creativecommons.org/licenses/by-nc/4.0/legalcode",NA,NA,NA,NA,1.350169,NA,"2023-10-30T20:04:04.000+00:00",10,NA,NA,NA,"https://www.inaturalist.org/observations/189482336",NA,"PRESENT","Sessilia",1426,NA,NA,NA,NA,NA,NA,NA,NA,"Arthropoda",54,NA,NA,NA,"DWC_ARCHIVE","NORTH_AMERICA","US","28eb1a3f-1c15-4a95-931a-4af90ecb574d","erdonmezon",NA,"https://www.inaturalist.org/observations/189482336","erdonmezon",NA,NA,"Semibalanus balanoides (Linnaeus, 1767)","(Linnaeus, 1767)",NA,NA,"Semibalanus balanoides",2115784,"balanoides",299,NA,"118832",2115784,"ACCEPTED","SPECIES",NA,NA,NA,"2023-10-26 14:49:06",NA,"St Margaret's at Cliffe, Dover CT15 6HY, Egyesült Királyság",NA,NA,NA,2023,2025-09-26
"22","Semibalanus balanoides (Linnaeus, 1767)",2115784,"England",NA,NA,"HUMAN_OBSERVATION",NA,"192816724","Maxillopoda",203,"United Kingdom, EUROPE","Observations",NA,NA,"EUROPE",NA,6,"United Kingdom",560,NA,"50c9509d-22c7-4a22-a47d-8c48425ef4a7","iNaturalist research-grade observations","2023-12-02T16:04:25",2,NA,NA,NA,NA,NA,336,"2023-12-02T13:56Z",NA,NA,"13:56:00+00:00","Archaeobalanidae",5103,NA,NA,NA,NA,"United Kingdom of Great Britain and Northern Ireland","4458460547","EUROPE","Semibalanus","Semibalanus",2115783,"WGS84",NA,NA,NA,NA,NA,"28eb1a3f-1c15-4a95-931a-4af90ecb574d","wild",NA,NA,NA,NA,"jackrpp",NA,"431695113",NA,NA,NA,"jackrpp","192816724",NA,"997448a8-f762-11e1-a439-00145eb45e9a","iNaturalist",NA,NA,FALSE,NA,"GB",FALSE,4458460547,"Animalia",1,NA,"2025-09-22T23:56:44.581+00:00","2025-09-23T11:52:43.448+00:00","2025-09-23T11:52:43.448+00:00",50.356745,"http://creativecommons.org/licenses/by-nc/4.0/legalcode",NA,NA,NA,NA,-4.126487,NA,"2023-12-05T22:29:56.000+00:00",12,NA,NA,NA,"https://www.inaturalist.org/observations/192816724",NA,"PRESENT","Sessilia",1426,NA,NA,NA,NA,NA,NA,NA,NA,"Arthropoda",54,NA,NA,NA,"DWC_ARCHIVE","NORTH_AMERICA","US","28eb1a3f-1c15-4a95-931a-4af90ecb574d","jackrpp",NA,"https://www.inaturalist.org/observations/192816724","jackrpp",NA,NA,"Semibalanus balanoides (Linnaeus, 1767)","(Linnaeus, 1767)",NA,NA,"Semibalanus balanoides",2115784,"balanoides",336,NA,"118832",2115784,"ACCEPTED","SPECIES",NA,NA,NA,"2023-12-02 13:56:00",NA,"Mount Batten Water Sports Centre, Mount Batten, Plymouth PL9 9XH, UK",NA,NA,NA,2023,2025-09-26
"23","Semibalanus balanoides (Linnaeus, 1767)",2115784,"Scotland",NA,NA,"HUMAN_OBSERVATION",NA,NA,"Maxillopoda",203,"Holy Loch Nature Reserve, United Kingdom, EUROPE",NA,NA,NA,"EUROPE",NA,70.7,"United Kingdom",38,NA,"d5b71529-6cdd-4aea-96e4-7b0660dc7e3d",NA,NA,NA,NA,NA,NA,NA,NA,NA,"2023",NA,NA,NA,"Archaeobalanidae",5103,NA,NA,NA,"POLYGON((-4.96135 55.99353,-4.96135 55.99447,-4.95982 55.99447,-4.95982 55.99353,-4.96135 55.99353))","United Kingdom of Great Britain and Northern Ireland","5104888519","EUROPE","Semibalanus","Semibalanus",2115783,"WGS84",NA,NA,NA,NA,NA,"07f617d0-c688-11d8-bf62-b8a03c50a862",NA,NA,NA,"https://creativecommons.org/licenses/by-nc/4.0/legalcode",NA,NA,"Sandbank Community Development Trust",NA,NA,NA,"Accepted - considered correct","Neil Hammatt","ae101195-cf8e-4bda-812f-6d9a75408344",NA,"99552c70-f762-11e1-a439-00145eb45e9a","HLNR",NA,NA,FALSE,NA,"GB",FALSE,5104888519,"Animalia",1,NA,"2025-09-16T06:05:13.336+00:00","2025-09-16T06:06:08.683+00:00","2025-09-16T06:06:08.683+00:00",55.993999,"http://creativecommons.org/licenses/by-nc/4.0/legalcode",NA,"Holy Loch Nature Reserve",NA,NA,-4.960584,NA,NA,NA,NA,NA,NA,"HLNR20250012",NA,"PRESENT","Sessilia",1426,NA,NA,NA,NA,NA,NA,NA,NA,"Arthropoda",54,NA,NA,NA,"DWC_ARCHIVE","EUROPE","GB","449af338-36e1-49c1-a825-455b6acc20bd","Hammatt, N. Neil",NA,NA,NA,NA,NA,"Semibalanus balanoides (Linnaeus, 1767)","(Linnaeus, 1767)",NA,NA,"Semibalanus balanoides",2115784,"balanoides",NA,"NBNSYS0000042568","NBNSYS0000042568",2115784,"ACCEPTED","SPECIES",NA,NA,NA,NA,NA,NA,"Acorn Barnacle",NA,NA,2023,2025-09-26
"24","Semibalanus balanoides (Linnaeus, 1767)",2115784,"Scotland",NA,NA,"HUMAN_OBSERVATION",NA,NA,"Maxillopoda",203,"Uigen; Lewis, United Kingdom, EUROPE","CI0002410000007I",NA,NA,"EUROPE",NA,0.7,"United Kingdom",361,NA,"9b65cb62-96b8-4809-84f0-511134fa03d9",NA,NA,21,NA,NA,NA,NA,NA,52,"2022-02-21","CI00024100001AEG",NA,NA,"Archaeobalanidae",5103,NA,NA,NA,"POLYGON((-6.95444 58.20382,-6.95444 58.20383,-6.95443 58.20383,-6.95443 58.20382,-6.95444 58.20382))","United Kingdom of Great Britain and Northern Ireland","4060426312","EUROPE","Semibalanus","Semibalanus",2115783,"WGS84",NA,"Accepted",NA,NA,NA,"07f617d0-c688-11d8-bf62-b8a03c50a862",NA,NA,NA,"https://creativecommons.org/licenses/by/4.0/legalcode",NA,NA,"OHBR",NA,NA,NA,"Accepted - considered correct","Charlotte Cumming","883b0bbc-a0e0-4e02-aae0-fad83d3e7370",NA,"99552c70-f762-11e1-a439-00145eb45e9a","Outer Hebrides Biological Recording",NA,NA,FALSE,NA,"GB",FALSE,4060426312,"Animalia",1,NA,"2025-09-15T22:31:22.800+00:00","2025-09-15T22:31:46.092+00:00","2025-09-15T22:31:46.092+00:00",58.203816,"http://creativecommons.org/licenses/by/4.0/legalcode",NA,"Uigen; Lewis",NA,NA,-6.954444,NA,NA,2,NA,NA,NA,"CI00024100005QHG",NA,"PRESENT","Sessilia",1426,NA,NA,NA,NA,NA,NA,NA,NA,"Arthropoda",54,NA,NA,NA,"DWC_ARCHIVE","EUROPE","GB","3636faf8-c86a-42c5-9bc9-a2d4e6c0c891","Cumming, C. Charlotte",NA,NA,NA,NA,"Field Observation","Semibalanus balanoides (Linnaeus, 1767)","(Linnaeus, 1767)",NA,NA,"Semibalanus balanoides",2115784,"balanoides",52,"NBNSYS0000042568","NBNSYS0000042568",2115784,"ACCEPTED","SPECIES",NA,NA,NA,NA,NA,NA,"Acorn Barnacle",NA,NA,2022,2025-09-26
"25","Semibalanus balanoides (Linnaeus, 1767)",2115784,"Scotland",NA,NA,"HUMAN_OBSERVATION",NA,NA,"Maxillopoda",203,"Druimavuic, SW of, United Kingdom, EUROPE",NA,NA,NA,"EUROPE",NA,7.1,"United Kingdom",379,NA,"1c736f5f-18d4-40d3-b25a-ec9d3c3500c7",NA,NA,6,NA,NA,NA,NA,NA,65,"2022-03-06",NA,NA,NA,"Archaeobalanidae",5103,NA,NA,NA,"POLYGON((-5.25755 56.54747,-5.25755 56.54757,-5.2574 56.54757,-5.2574 56.54747,-5.25755 56.54747))","United Kingdom of Great Britain and Northern Ireland","3786411490","EUROPE","Semibalanus","Semibalanus",2115783,"WGS84",NA,"Accepted - considered correct",NA,NA,NA,"07f617d0-c688-11d8-bf62-b8a03c50a862",NA,NA,NA,"https://creativecommons.org/licenses/by/4.0/legalcode",NA,NA,"Argyll Biological Records Centre",NA,NA,NA,"Accepted - considered correct","Carl Farmer","292ee360-b19e-4cdf-8379-ea6ca990f99b",NA,"99552c70-f762-11e1-a439-00145eb45e9a","ABReC",NA,NA,FALSE,NA,"GB",FALSE,3786411490,"Animalia",1,NA,"2025-09-13T23:01:52.263+00:00","2025-09-13T23:21:03.163+00:00","2025-09-13T23:21:03.163+00:00",56.547518,"http://creativecommons.org/licenses/by/4.0/legalcode","Unknown","Druimavuic, SW of",NA,NA,-5.257475,NA,NA,3,NA,NA,NA,"35qkd6v5","Several on Mytilus edulis ttached to rock on shore","PRESENT","Sessilia",1426,NA,NA,NA,NA,NA,NA,NA,NA,"Arthropoda",54,NA,NA,NA,"DWC_ARCHIVE","EUROPE","GB","241606e5-090d-4d96-853b-73ac0790e5ea","Farmer, C. Carl",NA,NA,NA,NA,"Field record / observation","Semibalanus balanoides (Linnaeus, 1767)","(Linnaeus, 1767)",NA,NA,"Semibalanus balanoides",2115784,"balanoides",65,"NBNSYS0000042568","NBNSYS0000042568",2115784,"ACCEPTED","SPECIES",NA,NA,NA,NA,NA,NA,"Acorn Barnacle",NA,NA,2022,2025-09-26
"26","Semibalanus balanoides (Linnaeus, 1767)",2115784,"Scotland",NA,NA,"HUMAN_OBSERVATION",NA,NA,"Maxillopoda",203,"Upper Loch Creran, S side, United Kingdom, EUROPE",NA,NA,NA,"EUROPE",NA,7.1,"United Kingdom",379,NA,"1c736f5f-18d4-40d3-b25a-ec9d3c3500c7",NA,NA,6,NA,NA,NA,NA,NA,65,"2022-03-06",NA,NA,NA,"Archaeobalanidae",5103,NA,NA,NA,"POLYGON((-5.26332 56.54642,-5.26332 56.54651,-5.26317 56.54651,-5.26317 56.54642,-5.26332 56.54642))","United Kingdom of Great Britain and Northern Ireland","3786415588","EUROPE","Semibalanus","Semibalanus",2115783,"WGS84",NA,"Accepted - considered correct",NA,NA,NA,"07f617d0-c688-11d8-bf62-b8a03c50a862",NA,NA,NA,"https://creativecommons.org/licenses/by/4.0/legalcode",NA,NA,"Argyll Biological Records Centre",NA,NA,NA,"Accepted - considered correct","Carl Farmer","38ec1349-80e2-4210-b93a-6727949a9c49",NA,"99552c70-f762-11e1-a439-00145eb45e9a","ABReC",NA,NA,FALSE,NA,"GB",FALSE,3786415588,"Animalia",1,NA,"2025-09-13T23:01:52.263+00:00","2025-09-13T23:20:59.389+00:00","2025-09-13T23:20:59.389+00:00",56.546468,"http://creativecommons.org/licenses/by/4.0/legalcode","Unknown","Upper Loch Creran, S side",NA,NA,-5.263244,NA,NA,3,NA,NA,NA,"lh8tt6v5",NA,"PRESENT","Sessilia",1426,NA,NA,NA,NA,NA,NA,NA,NA,"Arthropoda",54,NA,NA,NA,"DWC_ARCHIVE","EUROPE","GB","241606e5-090d-4d96-853b-73ac0790e5ea","Farmer, C. Carl",NA,NA,NA,NA,"Field record / observation","Semibalanus balanoides (Linnaeus, 1767)","(Linnaeus, 1767)",NA,NA,"Semibalanus balanoides",2115784,"balanoides",65,"NBNSYS0000042568","NBNSYS0000042568",2115784,"ACCEPTED","SPECIES",NA,NA,NA,NA,NA,NA,"Acorn Barnacle",NA,NA,2022,2025-09-26
"27","Semibalanus balanoides (Linnaeus, 1767)",2115784,"England",NA,NA,"HUMAN_OBSERVATION",NA,NA,"Maxillopoda",203,"St Mary's Causeway South, United Kingdom, EUROPE","The Rockpool Project | Imported records",NA,NA,"EUROPE",NA,50,"United Kingdom",377,NA,"97d01261-0027-4e89-a0d2-4a7d700f5fdb",NA,NA,20,NA,NA,NA,NA,NA,79,"2022-03-20","24663763",NA,NA,"Archaeobalanidae",5103,NA,NA,NA,NA,"United Kingdom of Great Britain and Northern Ireland","4596001296","EUROPE","Semibalanus","Semibalanus",2115783,"WGS84",NA,NA,NA,NA,NA,"07f617d0-c688-11d8-bf62-b8a03c50a862",NA,NA,NA,"https://creativecommons.org/licenses/by/4.0/legalcode",NA,NA,"Marine Biological Association, and Biological Records Centre",NA,NA,NA,"Accepted",NA,"91b15395-e798-4a32-b7d8-398470c26a79",NA,"99552c70-f762-11e1-a439-00145eb45e9a",NA,NA,NA,FALSE,NA,"GB",FALSE,4596001296,"Animalia",1,NA,"2025-09-13T22:51:28.990+00:00","2025-09-15T09:50:55.069+00:00","2025-09-15T09:50:55.069+00:00",55.070352,"http://creativecommons.org/licenses/by/4.0/legalcode",NA,"St Mary's Causeway South",NA,NA,-1.449386,NA,NA,3,NA,NA,NA,"34388705",NA,"PRESENT","Sessilia",1426,NA,NA,NA,NA,NA,NA,NA,NA,"Arthropoda",54,NA,NA,NA,"DWC_ARCHIVE","EUROPE","GB","f6b48504-1651-4a49-a88d-c2bc6178694d","Patterson, C. Christophe|Barron, N. Natalie",NA,NA,NA,NA,NA,"Semibalanus balanoides (Linnaeus, 1767)","(Linnaeus, 1767)",NA,NA,"Semibalanus balanoides",2115784,"balanoides",79,"NBNSYS0000042568","NBNSYS0000042568",2115784,"ACCEPTED","SPECIES",NA,NA,NA,NA,NA,NA,"Acorn Barnacle",NA,NA,2022,2025-09-26
"28","Semibalanus balanoides (Linnaeus, 1767)",2115784,"Wales",NA,NA,"HUMAN_OBSERVATION",NA,NA,"Maxillopoda",203,"Aberporth, United Kingdom, EUROPE",NA,NA,NA,"EUROPE",NA,7071.1,"United Kingdom",23,NA,"78aedfda-7343-47de-9c19-20339eb756fc",NA,NA,4,NA,NA,NA,NA,NA,63,"2022-03-04",NA,NA,NA,"Archaeobalanidae",5103,NA,NA,NA,"POLYGON((-4.63051 52.11893,-4.63051 52.21192,-4.48962 52.21192,-4.48962 52.11893,-4.63051 52.11893))","United Kingdom of Great Britain and Northern Ireland","5100725758","EUROPE","Semibalanus","Semibalanus",2115783,"WGS84",NA,NA,NA,NA,NA,"07f617d0-c688-11d8-bf62-b8a03c50a862",NA,NA,NA,"https://creativecommons.org/licenses/by-nc/4.0/legalcode",NA,NA,"West Wales Biodiversity Information Centre",NA,NA,NA,"Unconfirmed - not reviewed","Yusef Samari","dca5dff9-9265-4c54-9b70-98d6ee9f318b",NA,"99552c70-f762-11e1-a439-00145eb45e9a","WWBIC",NA,NA,FALSE,NA,"GB",FALSE,5100725758,"Animalia",1,NA,"2025-09-15T12:20:55.985+00:00","2025-09-15T12:21:52.836+00:00","2025-09-15T12:21:52.836+00:00",52.165448,"http://creativecommons.org/licenses/by-nc/4.0/legalcode",NA,"Aberporth",NA,NA,-4.560137,NA,NA,3,NA,NA,NA,"SR00040700027IIH","Image: http://warehouse1.indicia.org.uk/upload/o_1fuo6l8gl1ar81kp7qut1ej110nrb.jpg","PRESENT","Sessilia",1426,NA,NA,NA,NA,NA,NA,NA,NA,"Arthropoda",54,NA,NA,NA,"DWC_ARCHIVE","EUROPE","GB","29753c63-7ff1-455b-92ee-120bcfe9bce3","Samari, Y. Yusef",NA,NA,NA,NA,"field record","Semibalanus balanoides (Linnaeus, 1767)","(Linnaeus, 1767)",NA,NA,"Semibalanus balanoides",2115784,"balanoides",63,"NBNSYS0000042568","NBNSYS0000042568",2115784,"ACCEPTED","SPECIES",NA,NA,NA,NA,NA,NA,"Acorn Barnacle",NA,NA,2022,2025-09-26
"29","Semibalanus balanoides (Linnaeus, 1767)",2115784,"England",NA,NA,"HUMAN_OBSERVATION",NA,"115092099","Maxillopoda",203,"United Kingdom, EUROPE","Observations",NA,NA,"EUROPE",NA,2,"United Kingdom",560,NA,"50c9509d-22c7-4a22-a47d-8c48425ef4a7","iNaturalist research-grade observations","2022-05-03T11:35:34",2,NA,NA,NA,NA,NA,122,"2022-05-02T15:46",NA,NA,"15:46:00+01:00","Archaeobalanidae",5103,NA,NA,NA,NA,"United Kingdom of Great Britain and Northern Ireland","3773592918","EUROPE","Semibalanus","Semibalanus",2115783,"WGS84",NA,NA,NA,NA,NA,"28eb1a3f-1c15-4a95-931a-4af90ecb574d","wild",NA,NA,NA,NA,"ben_deed",NA,"256025534",NA,NA,NA,"Ben Deed","115092099",NA,"997448a8-f762-11e1-a439-00145eb45e9a","iNaturalist",NA,NA,FALSE,NA,"GB",FALSE,3773592918,"Animalia",1,NA,"2025-09-22T23:56:44.581+00:00","2025-09-23T14:38:21.421+00:00","2025-09-23T14:38:21.421+00:00",53.514234,"http://creativecommons.org/publicdomain/zero/1.0/legalcode",NA,NA,NA,NA,-3.064695,NA,"2025-02-21T10:53:32.000+00:00",5,NA,NA,NA,"https://www.inaturalist.org/observations/115092099",NA,"PRESENT","Sessilia",1426,NA,NA,NA,NA,NA,NA,NA,NA,"Arthropoda",54,NA,NA,NA,"DWC_ARCHIVE","NORTH_AMERICA","US","28eb1a3f-1c15-4a95-931a-4af90ecb574d","Ben Deed",NA,"https://www.inaturalist.org/observations/115092099","Ben Deed",NA,NA,"Semibalanus balanoides (Linnaeus, 1767)","(Linnaeus, 1767)",NA,NA,"Semibalanus balanoides",2115784,"balanoides",122,NA,"118832",2115784,"ACCEPTED","SPECIES",NA,NA,NA,"2022/05/02 3:46 PM",NA,"Hightown, Liverpool, UK",NA,NA,NA,2022,2025-09-26
"30","Semibalanus balanoides (Linnaeus, 1767)",2115784,"England",NA,NA,"HUMAN_OBSERVATION",NA,NA,"Maxillopoda",203,"Maenporth Bay South, United Kingdom, EUROPE","The Rockpool Project | Imported records",NA,NA,"EUROPE",NA,50,"United Kingdom",377,NA,"97d01261-0027-4e89-a0d2-4a7d700f5fdb",NA,NA,2,NA,NA,NA,NA,NA,122,"2022-05-02","24663818",NA,NA,"Archaeobalanidae",5103,NA,NA,NA,NA,"United Kingdom of Great Britain and Northern Ireland","4595995334","EUROPE","Semibalanus","Semibalanus",2115783,"WGS84",NA,NA,NA,NA,NA,"07f617d0-c688-11d8-bf62-b8a03c50a862",NA,NA,NA,"https://creativecommons.org/licenses/by/4.0/legalcode",NA,NA,"Marine Biological Association, and Biological Records Centre",NA,NA,NA,"Accepted",NA,"1b1dfcea-ecf5-4abd-b4be-994c15435d2b",NA,"99552c70-f762-11e1-a439-00145eb45e9a",NA,NA,NA,FALSE,NA,"GB",FALSE,4595995334,"Animalia",1,NA,"2025-09-13T22:51:28.990+00:00","2025-09-15T09:50:49.823+00:00","2025-09-15T09:50:49.823+00:00",50.124731,"http://creativecommons.org/licenses/by/4.0/legalcode",NA,"Maenporth Bay South",NA,NA,-5.091034,NA,NA,5,NA,NA,NA,"34389647",NA,"PRESENT","Sessilia",1426,NA,NA,NA,NA,NA,NA,NA,NA,"Arthropoda",54,NA,NA,NA,"DWC_ARCHIVE","EUROPE","GB","f6b48504-1651-4a49-a88d-c2bc6178694d","Sarah|Wheeler, E. Emma",NA,NA,NA,NA,NA,"Semibalanus balanoides (Linnaeus, 1767)","(Linnaeus, 1767)",NA,NA,"Semibalanus balanoides",2115784,"balanoides",122,"NBNSYS0000042568","NBNSYS0000042568",2115784,"ACCEPTED","SPECIES",NA,NA,NA,NA,NA,NA,"Acorn Barnacle",NA,NA,2022,2025-09-26
"31","Semibalanus balanoides (Linnaeus, 1767)",2115784,"Scotland",NA,NA,"HUMAN_OBSERVATION",NA,"120153988","Maxillopoda",203,"United Kingdom, EUROPE","Observations",NA,NA,"EUROPE",NA,NA,"United Kingdom",560,NA,"50c9509d-22c7-4a22-a47d-8c48425ef4a7","iNaturalist research-grade observations","2022-06-04T13:52:01",16,NA,NA,NA,NA,NA,136,"2022-05-16T13:15",NA,NA,"13:15:00+01:00","Archaeobalanidae",5103,NA,NA,NA,NA,"United Kingdom of Great Britain and Northern Ireland","4872468277","EUROPE","Semibalanus","Semibalanus",2115783,"WGS84",NA,NA,NA,NA,NA,"28eb1a3f-1c15-4a95-931a-4af90ecb574d","wild",NA,NA,NA,NA,"robsid",NA,"266781198",NA,NA,NA,"Rob Sidaway","120153988",NA,"997448a8-f762-11e1-a439-00145eb45e9a","iNaturalist",NA,NA,FALSE,NA,"GB",FALSE,4872468277,"Animalia",1,NA,"2025-09-22T23:56:44.581+00:00","2025-09-23T13:04:43.679+00:00","2025-09-23T13:04:43.679+00:00",56.713333,"http://creativecommons.org/licenses/by-nc/4.0/legalcode",NA,NA,NA,NA,-5.239167,NA,"2024-05-27T22:22:17.000+00:00",5,NA,NA,NA,"https://www.inaturalist.org/observations/120153988",NA,"PRESENT","Sessilia",1426,NA,NA,NA,NA,NA,NA,NA,NA,"Arthropoda",54,NA,NA,NA,"DWC_ARCHIVE","EUROPE","GB","28eb1a3f-1c15-4a95-931a-4af90ecb574d","Rob Sidaway",NA,"https://www.inaturalist.org/observations/120153988","Rob Sidaway",NA,NA,"Semibalanus balanoides (Linnaeus, 1767)","(Linnaeus, 1767)",NA,NA,"Semibalanus balanoides",2115784,"balanoides",136,NA,"118832",2115784,"ACCEPTED","SPECIES",NA,NA,NA,"2022/05/16 1:15 PM",NA,"Highland Council, UK",NA,NA,NA,2022,2025-09-26
"32","Semibalanus balanoides (Linnaeus, 1767)",2115784,NA,NA,NA,"HUMAN_OBSERVATION",NA,NA,"Maxillopoda",203,"United Kingdom, EUROPE",NA,NA,NA,"EUROPE",NA,200,"United Kingdom",1,NA,"35d8478e-06b3-4851-a55a-bb166fa53832",NA,NA,14,NA,NA,NA,NA,NA,134,"2022-05-14","QUADS_CW_2022EN_Hol_L",NA,NA,"Archaeobalanidae",5103,NA,NA,NA,NA,"United Kingdom of Great Britain and Northern Ireland","5106984532","EUROPE","Semibalanus","Semibalanus",2115783,"WGS84",NA,NA,NA,NA,NA,"cdcc4ce1-7f6e-4ed2-b47c-eb451925b038",NA,NA,NA,NA,NA,NA,NA,NA,NA,NA,NA,NA,"CIBIO_CW_2022EN_Hol_QL_180",NA,"06d75b22-fc7a-42ff-a14f-65a25cd0f3ab",NA,NA,NA,FALSE,NA,"GB",FALSE,5106984532,"Animalia",1,NA,"2025-07-24T19:53:46.927+00:00","2025-07-31T12:10:46.312+00:00","2025-07-31T12:10:46.312+00:00",53.319644,"http://creativecommons.org/licenses/by/4.0/legalcode",NA,NA,NA,"flat surface in low-intertidal zone",-4.660771,NA,NA,5,NA,NA,NA,"CIBIO_CW_2022EN_Hol_QL_180",NA,"PRESENT","Sessilia",1426,NA,NA,NA,NA,NA,NA,"QUADS_CW_2022-23",NA,"Arthropoda",54,NA,NA,NA,"EML","EUROPE","PT","37560003-ae75-43c3-95aa-48c98797aa2a",NA,NA,NA,NA,NA,NA,"Semibalanus balanoides (Linnaeus, 1767)","(Linnaeus, 1767)","urn:lsid:marinespecies.org:taxname:106210",NA,"Semibalanus balanoides",2115784,"balanoides",134,NA,NA,2115784,"ACCEPTED","SPECIES",NA,NA,NA,NA,"Semibalanus balanoides",NA,NA,NA,NA,2022,2025-09-26
"33","Semibalanus balanoides (Linnaeus, 1767)",2115784,NA,NA,NA,"HUMAN_OBSERVATION",NA,NA,"Maxillopoda",203,"United Kingdom, EUROPE",NA,NA,NA,"EUROPE",NA,200,"United Kingdom",1,NA,"35d8478e-06b3-4851-a55a-bb166fa53832",NA,NA,18,NA,NA,NA,NA,NA,138,"2022-05-18","QUADS_CW_2022SC_SCa_MH",NA,NA,"Archaeobalanidae",5103,NA,NA,NA,NA,"United Kingdom of Great Britain and Northern Ireland","5106989572","EUROPE","Semibalanus","Semibalanus",2115783,"WGS84",NA,NA,NA,NA,NA,"cdcc4ce1-7f6e-4ed2-b47c-eb451925b038",NA,NA,NA,NA,NA,NA,NA,NA,NA,NA,NA,NA,"CIBIO_CW_2022SC_SCa_QMH_86",NA,"06d75b22-fc7a-42ff-a14f-65a25cd0f3ab",NA,NA,NA,FALSE,NA,"GB",FALSE,5106989572,"Animalia",1,NA,"2025-07-24T19:53:46.927+00:00","2025-07-31T12:10:48.488+00:00","2025-07-31T12:10:48.488+00:00",54.972346,"http://creativecommons.org/licenses/by/4.0/legalcode",NA,NA,NA,"southwards oriented surface in mid-intertidal zone",-5.179356,NA,NA,5,NA,NA,NA,"CIBIO_CW_2022SC_SCa_QMH_86",NA,"PRESENT","Sessilia",1426,NA,NA,NA,NA,NA,NA,"QUADS_CW_2022-23",NA,"Arthropoda",54,NA,NA,NA,"EML","EUROPE","PT","37560003-ae75-43c3-95aa-48c98797aa2a",NA,NA,NA,NA,NA,NA,"Semibalanus balanoides (Linnaeus, 1767)","(Linnaeus, 1767)","urn:lsid:marinespecies.org:taxname:106210",NA,"Semibalanus balanoides",2115784,"balanoides",138,NA,NA,2115784,"ACCEPTED","SPECIES",NA,NA,NA,NA,"Semibalanus balanoides",NA,NA,NA,NA,2022,2025-09-26
"34","Semibalanus balanoides (Linnaeus, 1767)",2115784,NA,NA,NA,"MATERIAL_SAMPLE",NA,NA,"Maxillopoda",203,"United Kingdom, EUROPE",NA,NA,NA,"EUROPE",NA,NA,"United Kingdom",1,"dassh.ac.uk:DASSHDT00000491","046bb8b0-21d1-44b3-bc62-cf3e372b1208","2022 The Marine Biological Association (MBA) Mount Batten Bioblitz",NA,17,NA,NA,NA,NA,NA,168,"2022-06-17",NA,NA,NA,"Archaeobalanidae",5103,NA,NA,NA,NA,"United Kingdom of Great Britain and Northern Ireland","5223010502","EUROPE","Semibalanus","Semibalanus",2115783,"WGS84",NA,NA,NA,NA,NA,"f6b48504-1651-4a49-a88d-c2bc6178694d",NA,NA,NA,NA,NA,NA,NA,NA,NA,NA,NA,"B.Herton/C. Kilvington","tax383",NA,"b968184d-9a9f-4e9b-b035-caaf09f46db5","DASSH",NA,NA,FALSE,NA,"GB",FALSE,5223010502,"Animalia",1,NA,"2025-07-22T08:45:52.728+00:00","2025-07-22T08:46:09.272+00:00","2025-07-22T08:46:09.272+00:00",50.3587,"http://creativecommons.org/licenses/by/4.0/legalcode",NA,NA,NA,NA,-4.1258,NA,NA,6,NA,NA,NA,"tax383",NA,"PRESENT","Sessilia",1426,NA,NA,NA,NA,NA,"45: Marine Biological Association of the UK (MBA)",NA,NA,"Arthropoda",54,NA,NA,NA,"EML","EUROPE","GB","f6b48504-1651-4a49-a88d-c2bc6178694d",NA,NA,NA,NA,NA,"METH_06","Semibalanus balanoides (Linnaeus, 1767)","(Linnaeus, 1767)","urn:lsid:marinespecies.org:taxname:106210",NA,"Semibalanus balanoides",2115784,"balanoides",168,NA,NA,2115784,"ACCEPTED","SPECIES",NA,NA,NA,NA,NA,NA,NA,NA,NA,2022,2025-09-26
"35","Semibalanus balanoides (Linnaeus, 1767)",2115784,"England",NA,NA,"HUMAN_OBSERVATION",NA,"125463043","Maxillopoda",203,"United Kingdom, EUROPE","Observations",NA,NA,"EUROPE",NA,4,"United Kingdom",560,NA,"50c9509d-22c7-4a22-a47d-8c48425ef4a7","iNaturalist research-grade observations","2022-07-09T15:58:58",9,NA,NA,NA,NA,NA,190,"2022-07-09T16:58:37",NA,NA,"16:58:37+01:00","Archaeobalanidae",5103,NA,NA,NA,NA,"United Kingdom of Great Britain and Northern Ireland","3874011347","EUROPE","Semibalanus","Semibalanus",2115783,"WGS84",NA,NA,NA,NA,NA,"28eb1a3f-1c15-4a95-931a-4af90ecb574d","wild",NA,NA,NA,NA,"estabell",NA,"277498982",NA,NA,NA,"Erik Stabell","125463043",NA,"997448a8-f762-11e1-a439-00145eb45e9a","iNaturalist",NA,NA,FALSE,NA,"GB",FALSE,3874011347,"Animalia",1,NA,"2025-09-22T23:56:44.581+00:00","2025-09-23T13:07:02.081+00:00","2025-09-23T13:07:02.081+00:00",55.667668,"http://creativecommons.org/licenses/by-nc/4.0/legalcode",NA,NA,NA,NA,-1.804582,NA,"2022-07-10T09:28:23.000+00:00",7,NA,NA,NA,"https://www.inaturalist.org/observations/125463043",NA,"PRESENT","Sessilia",1426,NA,NA,NA,NA,NA,NA,NA,NA,"Arthropoda",54,NA,NA,NA,"DWC_ARCHIVE","NORTH_AMERICA","US","28eb1a3f-1c15-4a95-931a-4af90ecb574d","Erik Stabell",NA,"https://www.inaturalist.org/observations/125463043","Erik Stabell",NA,NA,"Semibalanus balanoides (Linnaeus, 1767)","(Linnaeus, 1767)",NA,NA,"Semibalanus balanoides",2115784,"balanoides",190,NA,"118832",2115784,"ACCEPTED","SPECIES",NA,NA,NA,"2022-07-09 16:58:37+01:00",NA,"North Atlantic Ocean, Berwick-Upon-Tweed, England, GB",NA,NA,NA,2022,2025-09-26
"36","Semibalanus balanoides (Linnaeus, 1767)",2115784,NA,NA,NA,"HUMAN_OBSERVATION",NA,NA,"Maxillopoda",203,"United Kingdom, EUROPE",NA,NA,NA,"EUROPE",NA,200,"United Kingdom",1,NA,"35d8478e-06b3-4851-a55a-bb166fa53832",NA,NA,16,NA,NA,NA,NA,NA,197,"2022-07-16","QUADS_CW_2022EN_Wem_MH",NA,NA,"Archaeobalanidae",5103,NA,NA,NA,NA,"United Kingdom of Great Britain and Northern Ireland","5106989384","EUROPE","Semibalanus","Semibalanus",2115783,"WGS84",NA,NA,NA,NA,NA,"cdcc4ce1-7f6e-4ed2-b47c-eb451925b038",NA,NA,NA,NA,NA,NA,NA,NA,NA,NA,NA,NA,"CIBIO_CW_2022EN_Wem_QMH_86",NA,"06d75b22-fc7a-42ff-a14f-65a25cd0f3ab",NA,NA,NA,FALSE,NA,"GB",FALSE,5106989384,"Animalia",1,NA,"2025-07-24T19:53:46.927+00:00","2025-07-31T12:10:48.466+00:00","2025-07-31T12:10:48.466+00:00",50.314965,"http://creativecommons.org/licenses/by/4.0/legalcode",NA,NA,NA,"southwards oriented surface in mid-intertidal zone",-4.108999,NA,NA,7,NA,NA,NA,"CIBIO_CW_2022EN_Wem_QMH_86",NA,"PRESENT","Sessilia",1426,NA,NA,NA,NA,NA,NA,"QUADS_CW_2022-23",NA,"Arthropoda",54,NA,NA,NA,"EML","EUROPE","PT","37560003-ae75-43c3-95aa-48c98797aa2a",NA,NA,NA,NA,NA,NA,"Semibalanus balanoides (Linnaeus, 1767)","(Linnaeus, 1767)","urn:lsid:marinespecies.org:taxname:106210",NA,"Semibalanus balanoides",2115784,"balanoides",197,NA,NA,2115784,"ACCEPTED","SPECIES",NA,NA,NA,NA,"Semibalanus balanoides",NA,NA,NA,NA,2022,2025-09-26
"37","Semibalanus balanoides (Linnaeus, 1767)",2115784,"Wales",NA,NA,"HUMAN_OBSERVATION",NA,"138806615","Maxillopoda",203,"United Kingdom, EUROPE","Observations",NA,NA,"EUROPE",NA,4,"United Kingdom",560,NA,"50c9509d-22c7-4a22-a47d-8c48425ef4a7","iNaturalist research-grade observations","2022-10-15T06:51:50",14,NA,NA,NA,NA,NA,287,"2022-10-14T17:27:35",NA,NA,"17:27:35+01:00","Archaeobalanidae",5103,NA,NA,NA,NA,"United Kingdom of Great Britain and Northern Ireland","4901998353","EUROPE","Semibalanus","Semibalanus",2115783,"WGS84",NA,NA,NA,NA,NA,"28eb1a3f-1c15-4a95-931a-4af90ecb574d","wild",NA,NA,NA,NA,"bobharding",NA,"305960781",NA,NA,NA,"Robert W. Harding","138806615",NA,"997448a8-f762-11e1-a439-00145eb45e9a","iNaturalist",NA,NA,FALSE,NA,"GB",FALSE,4901998353,"Animalia",1,NA,"2025-09-22T23:56:44.581+00:00","2025-09-23T14:46:52.008+00:00","2025-09-23T14:46:52.008+00:00",53.325203,"http://creativecommons.org/licenses/by-nc/4.0/legalcode",NA,NA,NA,NA,-3.827072,NA,"2024-06-16T12:51:56.000+00:00",10,NA,NA,NA,"https://www.inaturalist.org/observations/138806615",NA,"PRESENT","Sessilia",1426,NA,NA,NA,NA,NA,NA,NA,NA,"Arthropoda",54,NA,NA,NA,"DWC_ARCHIVE","NORTH_AMERICA","CA","28eb1a3f-1c15-4a95-931a-4af90ecb574d","Robert W. Harding",NA,"https://www.inaturalist.org/observations/138806615","Robert W. Harding",NA,NA,"Semibalanus balanoides (Linnaeus, 1767)","(Linnaeus, 1767)",NA,NA,"Semibalanus balanoides",2115784,"balanoides",287,NA,"118832",2115784,"ACCEPTED","SPECIES",NA,NA,NA,"2022-10-14 17:27:35+01:00",NA,"Ormes Bay, Llandudno, Wales, GB",NA,NA,NA,2022,2025-09-26
"38","Semibalanus balanoides (Linnaeus, 1767)",2115784,"Scotland",NA,NA,"HUMAN_OBSERVATION",NA,"141082823","Maxillopoda",203,"United Kingdom, EUROPE","Observations",NA,NA,"EUROPE",NA,15,"United Kingdom",560,NA,"50c9509d-22c7-4a22-a47d-8c48425ef4a7","iNaturalist research-grade observations","2022-11-04T17:20:10",4,NA,NA,NA,NA,NA,308,"2022-11-04T14:42Z",NA,NA,"14:42:00+00:00","Archaeobalanidae",5103,NA,NA,NA,NA,"United Kingdom of Great Britain and Northern Ireland","4006538599","EUROPE","Semibalanus","Semibalanus",2115783,"WGS84",NA,NA,NA,NA,NA,"28eb1a3f-1c15-4a95-931a-4af90ecb574d","wild",NA,NA,NA,NA,"bonxie62",NA,"311304348",NA,NA,NA,"Graeme Baxter","141082823",NA,"997448a8-f762-11e1-a439-00145eb45e9a","iNaturalist",NA,NA,FALSE,NA,"GB",FALSE,4006538599,"Animalia",1,NA,"2025-09-22T23:56:44.581+00:00","2025-09-23T14:47:31.896+00:00","2025-09-23T14:47:31.896+00:00",57.316306,"http://creativecommons.org/publicdomain/zero/1.0/legalcode",NA,NA,NA,NA,-1.991351,NA,"2024-02-22T20:49:38.000+00:00",11,NA,NA,NA,"https://www.inaturalist.org/observations/141082823",NA,"PRESENT","Sessilia",1426,NA,NA,NA,NA,NA,NA,NA,NA,"Arthropoda",54,NA,NA,NA,"DWC_ARCHIVE","NORTH_AMERICA","US","28eb1a3f-1c15-4a95-931a-4af90ecb574d","Graeme Baxter",NA,"https://www.inaturalist.org/observations/141082823","Graeme Baxter",NA,NA,"Semibalanus balanoides (Linnaeus, 1767)","(Linnaeus, 1767)",NA,NA,"Semibalanus balanoides",2115784,"balanoides",308,NA,"118832",2115784,"ACCEPTED","SPECIES",NA,NA,NA,"2022/11/04 2:42 PM",NA,"Aberdeenshire, UK",NA,NA,NA,2022,2025-09-26
