Day,Month,Year ,Site,Codium spp.,Laminaria hyperborea,Laminaria digitata,Saccharina latissima ,Laminaria ochroleuca,Saccorhiza polyschides,Alaria     esculenta,Himanthalia elongata,Sargassum muticum,Ascophyllum nodosum,Pelvetia canaliculata,Fucus           spiralis,Fucus vesiculosus,Fucus         serratus,Fucus       distichus,Ericaria selaginoides (Carpodesmia tamariscifolia) (Cystoseira tamariscifolia),Treptacantha baccata,Halidrys siliquosa,Bifurcaria bifurcata,Mastocarpus stellatus,Chondrus crispus,Lichina pygmaea,Undaria pinnatifida,Dictyopteris polypodidoides,Calliblepharis jubata,Chondracanthus acicularis,Asparagopsis armata,Colpomenia peregrina,Grateloupia turuturu,Palmaria palmata,Caulacanthus ustulatus (okamurae),Pikea californica,Dasysiphonia (Heterosiphonia) japonica,Padina pavonica,Halichondria panacea,Hymeniacidon perlevis,Anemonia viridis,Aulactinia verrucosa,Actinia     fragacea,Actinia        equina ,Diadumene  lineata,Sabellaria alveolata,Chthamalus stellatus,Chthamalus montagui,Semibalanus balanoides,Balanus crenatus,Perforatus perforatus,Austrominius modestus ,Pollicipes pollicipes,Mytilus spp.,Clibanarius erythropus,Haliotis tuberculata,Testudinalia testudinalis,Patella      vulgata,Patella    depressa,Patella ulyssiponensis,Patella       pellucida,Steromphala (Gibbula) umbilicalis,Steromphala (Gibbula) pennanti,Steromphala (Gibbula)  cineraria,Phorcus    lineatus,Calliostoma zizyphinum,Littorina       littorea,Littorina      saxatilis,Melarhaphe neritoides,Nucella          lapillus,Onchidella     celtica,Magallana      gigas,Crepidula fornicata,Botrylloides violaceus,Botrylloides diegensis,Perophora japonica,Corella      eumyota,Dendrodoa grossularia,Asterocarpa humilis ,Didemnum vexillum,Asterias      rubens,Leptasterias muelleri,Paracentrotus lividus,Strongylocentrotus droebachiensis,Watersipora subatra,Hemigraspus sanguineus,Hemigraspus takanoi,Urosalpinx cinerea,Ocinebrellus inornatus,Ocenebra erinaceus,Region,Recorder,Notes,Grid,Lat (WGS84),Long (WGS84)
24,2,2022,Crackington Haven,NS,NS,S,NS,NS,NS,NS,NS,A,NS,NS,O,S,C,NS,F,NS,NS,NS,NS,A,A,NS,NS,S,NS,NS,NS,NS,NS,NS,NS,NS,NS,NS,C,NS,NS,F,F,NS,NS,F,S,O,NS,NS,NS,NS,O,NS,NS,NS,A,A,C,NS,A,NS,NS,A,NS,O,NS,A,A,NS,NS,NS,NS,NS,NS,NS,NS,NS,NS,NS,NS,NS,NS,NS,NS,NS,NR,NR,NR,Southwest England,"NM,GB",,SS199072,50.8362,-4.5592
18,3,2022,Osmington Mills ,NS,S,S,NS,NS,C,NS,NS,S,C,NS,S,A,S,NS,NS,NS,C,NS,NS,A,F,NS,NS,A,A,NS,F,NS,C,A,NS,NS,NS,F,F,R,NS,NS,NS,NS,C,C,S,C,NS,F,F,NS,NS,NS,NS,NS,A,A,A,NS,A,NS,C,A,NS,C,A,A,C,NS,NS,NS,NS,NS,NS,NS,NS,NS,NS,NS,NS,NS,NS,NS,NS,NS,NR,NR,NR,South England,"NM, SJH",,SY735816,50.633,-2.376
18,3,2022,Portland Pulpit Rock ,NS,NS,A,NS,NS,NS,NS,F,S,NS,NS,F,NS,NS,NS,NS,NS,NS,NS,NS,NS,NS,NS,NS,NS,NS,NS,NS,NS,NS,NS,NS,NS,NS,NS,NS,NS,NS,NS,NS,NS,NS,A,S,R,NS,NS,NS,NS,O,NS,NS,NS,A,NS,S,NS,NS,NS,NS,NS,NS,NS,A,A,NS,NS,NS,NS,NS,NS,NS,NS,NS,NS,NS,NS,NS,NS,NS,NS,NS,NS,NR,NR,NR,South England,"NM, SJH",,SY675682,50.513,-2.46
18,3,2022,Portland RJH Site ,NS,C,A,NS,NS,O,NS,C,NS,NS,NS,S,S,S,NS,NS,NS,NS,NS,A,S,NS,NS,NS,A,NS,A,NS,NS,R,NS,NS,NS,NS,C,NS,NS,NS,NS,R,NS,NS,C,O,A,NS,NS,NS,NS,NS,NS,NS,NS,A,A,C,R,C,NS,O,NS,NS,NS,NS,NS,NS,NS,NS,NS,NS,NS,NS,NS,NS,NS,NS,NS,NS,NS,NS,NS,NS,NS,NR,NR,NR,South England,"NM, SJH",,SY679714,50.5414,-2.4544
19,3,2022,Swanage Peveril Point,NS,C,S,NS,NS,F,NS,A,S,NS,NS,F,C,S,NS,NS,A,NS,NS,NS,A,NS,NS,NS,A,NS,NS,NS,NS,F,NS,NS,NS,NS,O,F,R,NS,NS,O,NS,NS,C,A,C,NS,R,NS,NS,NS,NS,NS,NS,A,A,A,NS,A,NS,NS,O,NS,NS,C,NS,NS,NS,NS,NS,NS,NS,NS,NS,NS,NS,NS,NS,NS,NS,NS,NS,NS,NS,NR,NR,NR,South England,"NM, SJH",,SZ040786,50.607,-1.945
20,3,2022,Kimmeridge Boulders,NS,NS,O,C,NS,NS,NS,NS,A,O,NS,R,S,A,NS,NS,NS,NS,NS,NS,A,R,NS,NS,A,R,NS,NS,NS,NS,NS,NS,NS,NS,NS,NS,NS,NS,NS,NS,NS,NS,O,A,NS,NS,NS,NS,NS,NS,NS,NS,NS,C,F,C,NS,C,NS,NS,O,NS,F,F,O,C,NS,NS,NS,NS,NS,NS,NS,NS,NS,NS,NS,NS,NS,NS,NS,NS,NS,NR,NR,NR,South England ,"NM, GB",,SY904791,50.608,-2.132
21,3,2022,Nothe Fort Weymouth,NS,C,S,NS,NS,F,NS,NS,S,A,F,A,S,S,NS,NS,NS,NS,NS,NS,A,NS,NS,NS,C,NS,NS,C,NS,C,NS,NS,NS,NS,NS,NS,NS,NS,NS,O,NS,NS,NS,S,C,NS,R,NS,NS,NS,NS,NS,NS,O,O,NS,NS,A,NS,NS,C,NS,O,O,NS,O,NS,NS,NS,NS,NS,NS,NS,NS,NS,NS,NS,NS,NS,NS,NS,NS,NS,NR,NR,NR,South England ,"NM, SJH, GB",,SY686785,50.6062,-2.4448
31,3,2022,Marazion ,NS,S,S,NS,NS,NS,NS,NS,C,O,A,S,S,S,NS,NS,NS,NS,S,A,A,A,NS,NS,R,NS,NS,O,C,A,NS,NS,NS,NS,A,A,NS,NS,NS,NS,NS,NS,C,S,R,NS,NS,NS,NS,R,C,NS,NS,A,A,C,NS,A,NS,F,A,R,A,NS,A,C,NS,R,NS,NS,NS,NS,NS,NS,NS,NS,NS,NS,NS,NS,NS,NS,NS,NR,NR,NR,Southwest England,"NM, SJH",,SW512304,50.1213,-5.4821
31,3,2022,Mousehole ,NS,NS,S,NS,NS,NS,A,C,A,NS,A,S,S,A,NS,NS,NS,NS,S,C,A,S,NS,NS,NS,NS,O,O,NS,NS,NS,NS,NS,NS,C,A,A,NS,NS,R,NS,NS,C,A,R,NS,O,NS,NS,NS,A,NS,NS,A,A,A,C,A,NS,A,A,NS,O,NS,NS,A,NS,NS,NS,NS,NS,NS,NS,NS,NS,NS,NS,NS,NS,NS,NS,NS,NS,NR,NR,NR,Southwest England,"NM, SJH",,SW470261,50.0811,-5.5379
1,4,2022,Lizard ,C,S,S,C,NS,O,F,C,C,NS,NS,NS,C,A,NS,C,NS,NS,A,C,A,C,NS,NS,C,S,NS,NS,NS,F,NS,NS,NS,NS,A,A,O,NS,NS,A,NS,NS,F,S,F,NS,C,NS,NS,C,F,NS,NS,A,A,A,NS,A,NS,A,A,O,F,F,C,A,NS,NS,NS,NS,NS,NS,NS,NS,NS,NS,NS,NS,NS,NS,NS,NS,NS,NR,NR,NR,Southwest England,"NM, SJH",,SW700115,49.959,-5.208
1,4,2022,Newquay Lenard's Rock,NS,NS,S,R,NS,NS,NS,C,O,NS,A,A,S,NS,NS,NS,NS,NS,NS,A,O,A,NS,NS,A,NS,NS,NS,NS,NS,NS,NS,NS,NS,O,A,NS,NS,NS,NS,NS,NS,C,S,A,NS,A,NS,NS,C,NS,NS,NS,A,A,F,NS,F,NS,NS,NS,NS,NS,O,A,A,C,NS,NS,NS,NS,NS,NS,NS,NS,NS,NS,NS,NS,NS,NS,NS,NS,NR,NR,NR,Southwest England,"NM, SJH",tide not low enough to see L. hyperborea,SW802628,50.4238,-5.0959
2,4,2022,Cape Cornwall,NS,A,A,NS,NS,NS,NS,C,NS,NS,O,NS,C,S,NS,NS,NS,NS,S,F,NS,A,NS,NS,NS,NS,NS,NS,NS,A,NS,NS,NS,NS,A,F,R,NS,NS,C,NS,NS,S,A,F,NS,O,NS,NS,R,NS,NS,NS,A,F,A,NS,NS,NS,NS,O,NS,NS,NS,A,A,NS,NS,NS,NS,NS,NS,NS,NS,NS,NS,NS,NS,NS,NS,NS,NS,NS,NR,NR,NR,Southwest England,"NM, SJH, GB",,SW351320,50.129,-5.708
2,4,2022,Sennen Cove Exposed ,NS,S,S,NS,NS,NS,A,NS,NS,NS,NS,NS,F,NS,NS,NS,NS,NS,NS,C,NS,C,NS,NS,NS,NS,NS,NS,NS,NS,NS,NS,NS,NS,A,R,NS,NS,NS,NS,NS,NS,S,A,NS,NS,O,NS,O,C,NS,NS,NS,A,F,A,NS,NS,NS,NS,NS,NS,NS,R,A,O,NS,NS,NS,NS,NS,NS,NS,NS,NS,NS,NS,NS,NS,NS,NS,NS,NS,NR,NR,NR,Southwest England,"NM, SJH",,SW347264,50.078,-5.71
2,4,2022,Sennen Cove Inner ,O,S,S,O,NS,O,R,NS,NS,NS,A,C,A,C,NS,NS,NS,A,A,A,A,C,NS,NS,NS,NS,NS,NS,NS,F,NS,NS,NS,NS,A,A,R,NS,NS,A,NS,NS,S,S,S,NS,C,NS,NS,C,NS,NS,NS,A,F,A,NS,A,NS,C,A,NS,NS,F,NS,A,NS,NS,NS,NS,NS,NS,NS,NS,NS,NS,NS,NS,NS,NS,NS,NS,NS,NR,NR,NR,Southwest England,"NM, SJH, GB",,SW349264,50.079,-5.706
3,4,2022,St Ives,NS,NS,NS,NS,NS,NS,NS,NS,S,NS,S,S,A,C,NS,F,NS,NS,O,NS,O,C,NS,NS,C,NS,NS,NS,NS,NS,NS,NS,NS,NS,C,C,F,NS,NS,C,NS,NS,C,S,A,NS,NS,NS,NS,S,NS,NS,NS,C,C,A,NS,NS,NS,NS,R,NS,NS,R,A,F,NS,NS,NS,NS,NS,NS,NS,NS,NS,NS,NS,NS,NS,NS,NS,NS,NS,NR,NR,NR,Southwest England,"NM, SJH, GB",,SW522411,50.2178,-5.4751
3,4,2022,Godrevy Head ,NS,NS,A,NS,NS,NS,NS,C,A,NS,NS,NS,C,A,NS,NS,NS,NS,NS,A,C,C,NS,NS,NS,NS,NS,NS,NS,C,NS,NS,NS,NS,C,A,O,NS,NS,C,NS,NS,C,S,A,NS,A,R,NS,S,F,NS,NS,A,A,A,NS,F,NS,A,A,NS,F,C,NS,F,NS,R,NS,NS,NS,NS,NS,NS,NS,NS,NS,NS,NS,NS,NS,NS,NS,NR,NR,NR,Southwest England,"NM, SJH, GB",,SW579432,50.2398,-5.3956
4,4,2022,Porthleven,NS,NS,S,NS,NS,R,NS,A,A,NS,NS,C,S,S,NS,NS,NS,NS,S,A,O,A,NS,NS,NS,NS,NS,NS,NS,NS,NS,NS,NS,NS,F,C,NS,NS,R,C,NS,R,A,S,R,NS,F,NS,NS,O,A,NS,NS,A,A,A,NS,A,NS,O,A,F,C,A,S,A,NS,R,NS,NS,NS,NS,NS,NS,NS,NS,NS,NS,NS,NS,NS,NS,NS,NR,NR,NR,Southwest England,"NM, SJH",,SW625254,50.081,-5.321
5,4,2022,Newquay Little Fistral,NS,NS,NS,NS,NS,NS,NS,NS,S,R,NS,NS,A,A,NS,NS,NS,R,NS,NS,O,C,NS,NS,NS,NS,NS,NS,NS,NS,NS,NS,NS,NS,NS,NS,NS,NS,R,O,NS,NS,F,S,F,NS,NS,NS,NS,A,NS,NS,NS,A,C,A,NS,A,NS,NS,A,NS,NS,NS,A,C,NS,NS,NS,NS,NS,NS,NS,NS,NS,NS,NS,NS,NS,NS,NS,NS,NS,NR,NR,NR,Southwest England,NM,,SW799626,50.4218,-5.1014
15,4,2022,Brixham Shoalstone,NS,NS,S,NS,NS,R,NS,NS,A,NS,NS,NS,A,S,NS,NS,NS,NS,NS,NS,A,O,C,NS,R,C,NS,O,NS,A,A,NS,NS,NS,O,F,NS,NS,R,R,NS,NS,NS,S,C,NS,A,F,NS,NS,NS,NS,NS,A,C,O,NS,A,NS,C,A,NS,A,A,C,C,NS,R,NS,NS,NS,NS,NS,NS,NS,NS,NS,NS,NS,NS,C,NS,NS,NR,NR,NR,Southwest England,"NM, SJH",,SX937568,50.401,-3.497
15,4,2022,Corbyn Head ,NS,NS,NS,NS,NS,NS,NS,A,S,NS,A,S,S,S,NS,NS,NS,NS,NS,C,C,NS,A,NS,A,NS,O,F,NS,A,NS,NS,NS,C,O,A,NS,NS,R,O,NS,C,NS,S,S,NS,A,C,NS,C,NS,NS,NS,A,A,F,NS,A,NS,NS,A,NS,A,NS,NS,C,NS,NS,NS,NS,NS,NS,NS,NS,NS,NS,NS,NS,NS,NS,C,NS,NS,NR,NR,NR,Southwest England,"NM, S",,SX908632,50.4586,-3.54
16,4,2022,Langerstone Point,NS,NS,O,NS,NS,NS,NS,NS,A,NS,A,NS,C,NS,NS,NS,NS,NS,S,NS,A,C,NS,NS,C,NS,NS,O,R,A,NS,NS,NS,NS,NS,O,NS,NS,NS,R,NS,NS,R,S,NS,NS,NS,NS,NS,NS,NS,NS,NS,A,C,C,NS,A,NS,NS,A,NS,A,A,F,O,NS,NS,NS,NS,NS,NS,NS,NS,NS,NS,NS,NS,NS,NS,NS,NS,NS,NR,NR,NR,Southwest England,NM,no limpets or barnacle quadrat,SX783353,50.2051,-3.7068
16,4,2022,Prawle Point,NS,NS,S,NS,NS,NS,NS,A,A,NS,NS,NS,F,O,NS,NS,NS,NS,S,A,C,A,NS,NS,A,NS,NS,NS,NS,S,NS,NS,NS,NS,O,C,C,R,NS,A,NS,NS,S,S,C,NS,C,NS,NS,O,R,NS,NS,A,C,A,O,F,NS,NS,NS,R,A,A,A,F,NS,NS,NS,NS,NS,NS,NS,NS,NS,NS,NS,NS,NS,NS,NS,NS,NS,NR,NR,NR,Southwest England,"NM, SJH",C. erythropus 1st sighting!,SX776351,50.2032,-3.7165
17,4,2022,Trevone,NS,NS,A,NS,NS,C,R,C,S,C,A,A,S,S,NS,C,NS,F,A,C,C,C,NS,NS,C,NS,NS,NS,NS,F,NS,NS,NS,NS,C,A,NS,NS,NS,O,NS,O,S,S,C,R,A,NS,NS,A,NS,NS,NS,A,A,A,NS,A,NS,C,A,R,NS,NS,A,A,C,R,NS,NS,NS,NS,NS,NS,NS,NS,NS,NS,NS,NS,NS,NS,NS,NR,NR,NR,Southwest England,"NM, SJH",Too rough to see L.hyperborea. Dictyota dichostoma spotted ®,SW886760,50.545,-4.985
18,4,2022,Lynmouth,NS,S,A,C,NS,NS,NS,NS,A,O,A,A,R,S,NS,NS,NS,NS,NS,A,S,O,NS,NS,A,NS,NS,NS,NS,A,NS,NS,NS,NS,A,C,R,NS,C,R,NS,NS,O,C,A,C,O,F,NS,NS,NS,NS,NS,A,C,C,NS,A,NS,F,A,NS,O,F,A,F,NS,NS,NS,NS,NS,NS,NS,NS,NS,NS,NS,NS,NS,NS,NS,NS,NS,NR,NR,NR,Southwest England,"NM, SJH",,SS718501,51.2356,-3.8378
19,4,2022,Looe Hannafore Point,NS,A,S,NS,NS,NS,NS,NS,A,NS,NS,R,O,A,NS,R,NS,NS,NS,S,C,A,NS,NS,A,NS,C,NS,NS,C,NS,NS,NS,NS,C,C,NS,NS,F,F,NS,NS,A,S,C,NS,A,F,NS,R,NS,NS,NS,A,A,C,C,F,NS,NS,O,NS,NS,C,A,C,NS,R,NS,NS,NS,NS,NS,NS,NS,NS,NS,NS,NS,NS,NS,NS,NS,NR,NR,NR,Southwest England,NM,,SX257525,50.3465,-4.4512
19,4,2022,Looe SJH Site ,R,A,S,NS,NS,F,NS,C,A,A,S,A,S,A,NS,NS,NS,R,NS,A,NS,A,NS,NS,S,NS,A,R,O,F,S,NS,NS,NS,O,NS,O,NS,NS,O,NS,NS,C,S,F,NS,C,C,NS,O,NS,NS,NS,A,A,C,NS,A,NS,A,A,NS,A,C,A,A,NS,NS,NS,NS,NS,NS,NS,NS,NS,NS,NS,NS,NS,NS,NS,NS,NS,NR,NR,NR,Southwest England,"NM, SJH, GB, GP",,SX252519,50.341,-4.458
20,4,2022,Duckpool,NR,NR,NR,NR,NR,NR,NR,NR,A,NR,NR,C,NR,C,NR,NR,NR,NR,NR,NR,NR,NR,NR,NR,NR,NR,NR,NR,NR,NR,NR,NR,NR,NR,F,A,NR,NR,F,C,NR,S,A,S,C,NR,A,NR,NR,C,NR,NR,NR,NR,NR,A,NR,NR,NR,NR,C,NR,R,A,A,A,NR,NR,NR,NR,NR,NR,NR,NR,NR,NR,NR,NR,NR,NR,NR,NR,NR,NR,NR,NR,Southwest England,SJH,Corallina sp. (S); No Pelvetia sp. Steve's book,SS198111,50.8712,-4.5625
20,4,2022,Hartland Quay ,NS,NS,S,R,NS,NS,NS,NS,A,R,F,O,S,C,NS,NS,C,R,S,A,A,C,NS,NS,O,NS,NS,NS,NS,A,NS,NS,NS,NS,F,R,O,NS,NS,Oc,NS,S,O,S,F,NS,NS,NS,NS,NS,NS,NS,NS,C,C,C,NS,A,NS,O,A,NS,C,O,C,O,NS,NS,NS,NS,NS,NS,NS,NS,NS,NS,NS,NS,NS,NS,NS,NS,NS,NR,NR,NR,Southwest England,"NM, SJH, GB, GP",Corallina sp. (S) ++  Steve's book,SS221248,50.995,-4.537
20,4,2022,Welcombe Mouth ,NS,NS,NS,NS,NS,NS,NS,NS,O,A,NS,NS,S,A,NS,NS,C,NS,C,F,C,C,NS,NS,NS,NS,NS,NS,NS,NS,NS,NS,NS,NS,NS,NS,NS,NS,O,R,NS,A,F,S,C,NS,NS,NS,NS,O,NS,NS,NS,A,A,NS,NS,C,NS,NS,A,NS,O,C,A,O,NS,NS,NS,NS,NS,NS,NS,NS,NS,NS,NS,NS,NS,NS,NS,NS,NS,NR,NR,NR,Southwest England,"NM, GB, GP",,SS210179,50.9326,-4.5488
21,4,2022,Widemouth Black Rock,NS,NS,NS,NS,NS,NS,NS,NS,A,S,A,A,S,S,NS,NS,NS,NS,NS,NS,C,A,NS,NS,O,NS,NS,NS,NS,NS,NS,NS,NS,NS,NS,NS,O,NS,NS,C,NS,O,O,S,O,NS,NS,NS,NS,NS,NS,NS,NS,C,A,NS,NS,A,NS,NS,A,NS,O,O,A,F,NS,NS,NS,NS,NS,NS,NS,NS,NS,NS,NS,NS,NS,NS,NS,NS,NS,NR,NR,NR,Southwest England,"NM,GB",,SS191010,50.78,-4.567
28,4,2022,Woolacombe,NR,NR,A,C,NR,NR,NR,NR,S,NR,C,NR,O,A,NR,NR,F,NR,NR,A,A,NR,NR,NR,A,O,NR,NR,NR,A,NR,NR,NR,NR,O,A,A,R,O,A,NR,NR,C,S,C,NR,S,F,NR,A,NR,C,NR,NR,NR,A,NR,A,NR,NR,A,NR,C,A,A,A,NR,NR,NR,NR,NR,NR,NR,NR,NR,NR,R,NR,NR,NR,NR,NR,NR,NR,NR,NR,Southwest England,SJH,Corallina sp. (A); Audouinella (A); Dumontia contorta (F),SS452446,51.1796,-4.2161
29,4,2022,Lyme Regis Broadledge ,NR,NR,S,F,NR,O,NR,NR,A,NR,NR,O,A,S,NR,NR,A,C,NR,F,A,NR,NR,NR,NR,NR,NR,F,NR,C,NR,NR,NR,NR,NR,F,F,NR,NR,NR,NR,A,O,S,C,NR,A,F,NR,NR,NR,NR,NR,NR,NR,C,NR,A,NR,C,A,NR,A,A,A,A,NR,NR,NR,NR,NR,NR,NR,NR,NR,NR,NR,NR,NR,NR,NR,NR,NR,NR,NR,NR,Southwest England,SJH,Corallina sp. (S); Cladostephus (A); Osmundea pinnatifida (A);Dumontia contorta (A); Pholas dictalys (S); Ocenebra erinaceus(F),SY345920,50.714,-2.952
30,4,2022,Renney Rocks ,NS,S,S,A,NS,NS,NS,S,S,NS,NS,R,S,C,NS,NS,NS,NS,NS,C,A,S,R,NS,F,NS,NS,R,NS,A,A,NS,NS,NS,NS,F,R,NS,NS,A,NS,NS,S,S,R,NS,O,R,NS,C,NS,NS,NS,A,A,C,NS,A,NS,O,A,NS,NS,A,F,C,NS,O,NS,NS,NS,NS,NS,NS,NS,NS,NS,NS,NS,NS,NS,NS,NS,NR,NR,NR,Southwest England,"NM, GB, GP",Osmundea pinnatifida +++,SX491486,50.3179,-4.131
30,4,2022,Wembury Church Reef,NS,O,S,NS,NS,NS,NS,S,S,A,A,F,O,S,NS,NS,NS,NS,A,S,S,F,NS,NS,A,NS,R,NS,O,A,A,NS,NS,NS,A,A,NS,NS,NS,O,NS,NS,F,S,F,NS,A,F,NS,A,NS,NS,NS,A,A,C,NS,A,NS,F,A,F,C,NS,A,A,NS,R,NS,NS,NS,NS,NS,NS,NS,NS,NS,NS,NS,NS,NS,NS,NS,NR,NR,NR,Southwest England,"NM, SJH, GB ",,SX518481,50.314,-4.083
1,5,2022,New Polzeath ,NS,NS,A,A,NS,O,NS,C,O,NS,F,A,S,S,NS,C,NS,NS,S,C,A,A,NS,NS,NS,NS,NS,NS,NS,NS,NS,NS,NS,NS,C,A,F,NS,A,A,NS,R,A,S,A,NS,A,NS,NS,A,NS,NS,NS,A,A,A,NS,C,NS,NS,A,O,O,A,A,C,NS,NS,NS,NS,NS,NS,NS,NS,NS,NS,NS,NS,NS,NS,NS,NS,NS,NR,NR,NR,Southwest England,"NM, SJH, GB",Osmundea pinnatifida + Littoraria articulata ++,SW931798,50.5811,-4.9239
1,5,2022,Port Gavern ,NS,NS,S,NS,NS,NS,NS,C,S,NS,C,F,S,A,NS,NS,NS,NS,NS,C,A,C,NS,NS,NS,NS,NS,NS,NS,C,NS,NS,NS,NS,O,O,A,NS,R,C,NS,S,C,S,A,A,A,NS,NS,C,NS,NS,NS,A,A,A,R,C,NS,NS,A,NS,A,C,A,C,NS,NS,NS,NS,NS,NS,NS,NS,NS,NS,NS,NS,NS,NS,NS,NS,NS,NR,NR,NR,Southwest England,"NM, SJH, GB",Corallina sp. (S); Osmundia pinnatifida(A); Ericaria selaginoides ©; Dilsea pinnatifida ®; Dumontia contorta (A); no alaria; lichens (A),SX001811,50.5952,-4.8259
14,5,2022,Elmer 6th structure from East side ,NS,NS,NS,NS,NS,NS,NS,NS,NS,NS,NS,F,NS,NS,NS,NS,NS,O,NS,NS,O,NS,NS,NS,NS,NS,NS,NS,NS,NS,NS,NS,NS,NS,NS,A,C,NS,NS,C,NS,NS,NS,NS,A,NS,NS,A,NS,O,NS,NS,NS,C,NS,NS,NS,O,NS,O,C,NS,S,O,O,A,NS,O,R,NS,NS,NS,NS,NS,NS,NS,NS,NS,NS,NS,NS,NS,NS,NR,NR,NR,Southeast England,"NM, SJH ",Artificial structure and boulder/cobble field sampled,SZ983998,50.7899,-0.6055
15,5,2022,Brighton Marina East ,NS,NS,NS,A,NS,NS,NS,NS,C,NS,NS,S,A,S,NS,NS,NS,NS,NS,C,A,NS,NS,NS,NS,NS,NS,NS,O,O,NS,NS,NS,NS,F,O,C,NS,O,F,NS,NS,NS,NS,A,F,F,A,NS,A,NS,NS,NS,C,NS,NS,NS,A,NS,C,A,NS,A,C,R,C,NS,C,F,NS,NS,NS,NS,NS,NS,NS,NS,NS,NS,NS,NS,NS,NS,NR,NR,NR,Southeast England,"NM, SJH ",Steve's book - Osmundia pinnatifida(S) 80%; Dumontia contorta (A); Corallina ©; Dilsea caronsa (F); Piddocks (A); Ocenebra erinacea x4 (O);,TQ315043,50.8232,-0.1343
15,5,2022,Newhaven West ,NS,NS,NS,NS,NS,NS,NS,NS,S,NS,NS,A,A,A,NS,NS,NS,NS,NS,A,A,NS,NS,NS,A,C,NS,NS,NS,O,NS,NS,NS,NS,NS,NS,NS,NS,NS,F,NS,NS,NS,NS,A,F,F,C,NS,O,NS,NS,NS,O,NS,NS,NS,A,NS,C,F,NS,A,NS,NS,A,NS,NS,NS,NS,NS,NS,NS,NS,NS,NS,NS,NS,NS,NS,NS,NS,NS,NR,NR,NR,Southeast England,"NM, SJH ",O. erinacea x5; Steve's book - Piddock (S); Tide not out for enough of lowshore Sabellaria spinulosa reefs no kelp; Dilsea carnosa x5 ®; Dumontia contorta ©; Corallina officianalis (A); Osmundea pinnatifida (S) ++. ,TV440998,50.7805,-0.4215
16,5,2022,Cuckmere Haven ,NS,NS,NS,C,NS,NS,NS,NS,S,NS,NS,A,A,A,NS,NS,NS,R,NS,C,A,NS,NS,NS,C,NS,NS,NS,R,A,A,NS,NS,NS,NS,NS,C,NS,R,O,NS,NS,NS,NS,A,R,R,C,NS,O,NS,NS,NS,A,NS,NS,NS,A,NS,F,F,NS,A,C,NS,A,NS,NS,A,NS,NS,NS,NS,NS,NS,NS,NS,NS,NS,NS,NS,NS,NS,NR,NR,NR,Southeast England,"NM, SJH ",Steve - Eulalia viridis (F); Corallina (A); Osmundia pinnatifida (A) +; Dilsea carnosa (F); Piddocks (S); Maja squinado x3 (2 mating); Audouinella (A),TV510972,50.7565,-0.1404
16,5,2022,Hayling Island Groynes Eastern Corner ,NS,NS,NS,R,NS,NS,NS,NS,O,NS,NS,A,R,NS,NS,NS,NS,NS,NS,NS,A,NS,NS,NS,NS,NS,NS,NS,C,NS,NS,NS,NS,NS,F,S,C,NS,NS,F,NS,NS,NS,NS,S,NS,NS,C,NS,A,NS,NS,NS,A,C,C,NS,F,NS,NS,NS,NS,F,NS,NS,NS,NS,C,NS,NS,NS,NS,NS,R,NS,NS,NS,NS,NS,NS,S,NS,NS,NR,NR,NR,Southeast England,"NM, SJH ",Osmundea pinnatifidax9 ( O ); S. clava x1 ( R ); Mogula sp. squirt (see me) ( A ); Steve - Styela clava ®; Ocenebra erinacea x3; Molgula manhattensis (sand fixing) (A); Native oyster with Sargassum float on beach.  ,SZ747979,50.7766,-0.9401
17,5,2022,Beachy Head ,NS,NS,NS,R,NS,NS,NS,NS,A,NS,NS,C,NS,A,NS,NS,NS,A,NS,NS,S,NS,NS,NS,NS,C,NS,NS,NS,C,NS,NS,NS,NS,NS,NS,R,NS,R,O,NS,NS,NS,NS,S,NS,A,A,NS,O,NS,NS,NS,A,NS,F,NS,A,NS,F,F,NS,A,C,NS,A,NS,R,NS,NS,NS,NS,NS,NS,NS,NS,NS,NS,NS,NS,NS,NS,NS,NR,NR,NR,Southeast England,"NM, SJH ",Steve - Dilsea carnosa x1; Corallina officianalis (S); Dictyota ©; Osmundae pinnatifida (A) +,TV595956,50.738,0.2591
17,5,2022,Birling Gap ,NS,NS,NS,NS,NS,NS,NS,NS,NS,NS,NS,A,S,S,NS,NS,NS,NS,NS,C,S,NS,NS,NS,NS,F,NS,NS,NS,A,NS,NS,NS,NS,NS,NS,R,NS,R,F,NS,NS,NS,NS,A,A,O,A,NS,NS,NS,NS,NS,C,NS,NS,NS,A,NS,F,F,NS,A,O,NS,A,NS,NS,R,NS,NS,NS,NS,NS,NS,NS,NS,NS,NS,NS,NS,NS,NS,NR,NR,NR,Southeast England,"NM, SJH ","Steve - Rhodothamniella floridula (S); Cladostephus spongiosus (A); Corallina (A); Dilsea carnosa © locally 10-20% cover; Piddocks (A); good sabellaria habitat but no sabellaria; Dumontia contorta (F); Maja squinado x1; no sargassum seen and n kelp, the low shore habitat is not decent enough; Cladophora rupestris (F); Osmundea pinnatifida (A); Scattered S. spinulosa tubes (O) low shore mainle under stones;",TV553958,50.7415,0.2001
18,5,2022,Margate ,NS,NS,NS,NS,NS,NS,NS,NS,NS,NS,NS,C,S,S,NS,NS,NS,NS,NS,NS,O,NS,NS,NS,NS,NS,NS,NS,NS,NS,NS,NS,NS,NS,NS,NS,NS,NS,NS,O,NS,NS,NS,NS,S,F,NS,A,NS,NS,NS,NS,NS,C,NS,NS,NS,A,NS,F,NS,NS,A,NS,NS,F,NS,F,NS,NS,NS,NS,NS,NS,NS,NS,NS,NS,NS,NS,NS,NS,NS,NR,NR,NR,Southeast England,"NM, SJH ",Steve - Osmundea pinnatifida (S) >80%; Corallina officianalis (S) 80% in some pools; Piddocks (A); Dictyota (F),TR347709,51.3889,1.372
18,5,2022,Folkestone ,NS,NS,S,NS,NS,NS,NS,NS,NS,C,NS,S,S,A,NS,NS,NS,NS,NS,NS,O,NS,NS,NS,NS,NS,NS,NS,NS,A,NS,NS,NS,NS,F,NS,NS,NS,NS,F,NS,NS,NS,NS,A,A,NS,C,NS,R,NS,NS,NS,A,NS,NS,NS,A,NS,R,NS,NS,F,F,F,F,NS,NS,NS,NS,NS,NS,NS,A,NS,NS,NS,NS,NS,NS,NS,NS,NS,NR,NR,NR,Southeast England,"NM, SJH ",Steve - Osmundea pinnatifida (A) + at top; Eulalia viridis(F),TR243363,51.0826,1.2052
18,5,2022,Hastings Rock-A-Nore,NS,NS,NS,NS,NS,NS,NS,NS,A,NS,NS,S,A,R,NS,NS,NS,NS,NS,NS,S,NS,NS,NS,NS,NS,NS,NS,NS,O,NS,NS,NS,NS,F,F,A,NS,R,O,NS,NS,NS,NS,S,A,C,A,NS,C,NS,NS,NS,NS,NS,NS,NS,A,NS,F,R,NS,A,A,R,A,NS,F,R,NS,NS,NS,NS,NS,NS,NS,NS,NS,NS,NS,NS,NS,NS,NR,NR,NR,Southeast England,"NM, SJH ",S. spinulosa (tubes) ( O ); Molgula manhattensis(S); Ficopomastus enigmastus - extensive lowshore reefs (see pics); STEVE - Piddocks (A); Molgula manhattensis (A) (S on some rocks >90% cover; Large reefs of worms (Ficopomatus enigmaticus or S. spinulosa (S));,TQ810089,50.8598,0.6109
18,5,2022,"North Foreland, White Ness ",NS,NS,O,NS,NS,NS,NS,NS,NS,NS,NS,A,NS,S,NS,NS,NS,NS,NS,NS,C,NS,NS,NS,NS,NS,NS,NS,NS,A,NS,NS,NS,NS,NS,NS,NS,NS,NS,NS,NS,NS,NS,NS,A,C,NS,O,NS,C,NS,NS,NS,F,NS,NS,NS,A,NS,F,NS,NS,S,NS,NS,F,NS,O,NS,NS,NS,NS,NS,NS,NS,NS,NS,NS,NS,NS,NS,NS,NS,NR,NR,NR,Southeast England,"NM, SJH ",,TR397710,51.388,1.4444
19,5,2022,Ramsgate Western Undercliff ,NS,NS,NS,NS,NS,NS,NS,NS,NS,NS,NS,NS,NS,NS,NS,NS,NS,NS,NS,NS,F,NS,NS,NS,NS,NS,NS,NS,NS,NS,NS,NS,NS,NS,NS,NS,NS,NS,NS,C,NS,NS,NS,NS,A,NS,NS,A,NS,A,NS,NS,NS,C,NS,NS,NS,F,NS,NS,NS,NS,S,A,NS,F,NS,C,NS,NS,NS,NS,NS,NS,NS,NS,NS,NS,NS,NS,NS,NS,NS,NR,NR,NR,Southeast England,"NM, SJH ",Steve - Eulalia viridis (O); Osmundea pinnatifida (S); Dumontia contorta ©; Corallina officianalis ©;,TR391654,51.3373,1.4314
19,5,2022,Kingsgate Bay ,NR,NR,O,NR,NR,NR,NR,NR,NR,NR,NR,A,NR,F,NR,NR,NR,NR,NR,NR,NR,NR,NR,NR,NR,NR,NR,NR,NR,A,NR,NR,NR,NR,NR,NR,NR,NR,NR,O,NR,NR,NR,NR,NR,NR,NR,NR,NR,C?,NR,NR,NR,F,NR,NR,NR,A,NR,F,NR,NR,A,C,NR,C,NR,NR,NR,NR,NR,NR,NR,NR,NR,NR,NR,NR,NR,NR,NR,NR,NR,NR,NR,NR,Southeast England,SJH,Steve - Corallina officianalis (S); Osmundea pinnatifida (A); Dumontia contorta ©;,,51.387,1.4421
19,5,2022,St Margaret's Bay ,NR,NR,S,NR,NR,NR,NR,NR,NR,NR,NR,A,NR,S,NR,NR,NR,NR,NR,A,A,NR,NR,NR,NR,NR,NR,NR,NR,NR,NR,NR,NR,NR,NR,NR,NR,NR,NR,C,NR,NR,NR,NR,A,NR,NR,F,NR,NR,NR,NR,NR,NR,NR,NR,NR,F,NR,R,NR,NR,C,A,NR,NR,NR,NR,NR,NR,NR,NR,NR,NR,NR,NR,NR,NR,NR,NR,NR,NR,NR,NR,NR,NR,Southeast England,SJH,Steve - Osmundea pinnatifida (A) + 80%; Rhodothamniella floridula (S) >90-100%; Corallina officianalis ©; Cladophora rupestris (S),TR368442,51.1487,1.3851
20,5,2022,West Angle Bay ,NS,NS,NS,NS,NS,NS,NS,NS,R,R,NS,A,A,NS,NS,NS,NS,NS,NS,NS,A,NS,NS,NS,NS,NS,NS,NS,NS,NS,NS,NS,NS,NS,NS,NS,NS,NS,NS,R,NS,NS,NS,NS,A,A,NS,A,NS,A,NS,NS,NS,O,NS,NS,NS,A,NS,F,NS,NS,S,A,NS,F,NS,A,F,NS,NS,NS,NS,NS,NS,NS,NS,NS,NS,NS,NS,NS,NS,NR,NR,NR,South Wales,"NM, SJH ","Steve - Corallina officianalis (A); Osmundea (S) 80%; very sandy, Lanice conchilega tubeworms present; Piddocks ©;",SM848038,51.6916,-5.1151
21,5,2022,Hearne Bay Pier Neptune Breakwater ,NS,NS,NS,NS,NS,NS,NS,NS,C,S,NS,S,S,NS,NS,NS,NS,NS,NS,NS,NS,NS,NS,NS,NS,NS,NS,NS,NS,NS,NS,NS,NS,NS,NS,NS,NS,NS,NS,NS,NS,NS,NS,NS,A,NS,NS,A,NS,F,NS,NS,NS,NS,NS,NS,NS,NS,NS,NS,NS,NS,R,NS,NS,NS,NS,F,NS,NS,NS,NS,NS,NS,NS,NS,NS,NS,NS,NS,NS,NS,NS,NR,NR,NR,Southeast England,"NM, SJH ",,TR173685,51.374,1.1216
21,5,2022,Hearne Bay Hampton Pier ,NS,NS,NS,NS,NS,NS,NS,NS,C,NS,NS,S,S,S,NS,NS,NS,NS,NS,NS,NS,NS,NS,NS,NS,NS,NS,NS,NS,NS,NS,NS,NS,NS,NS,NS,NS,NS,NS,NS,NS,NS,NS,NS,A,C,NS,S,NS,S,NS,NS,NS,R,NS,NS,NS,NS,NS,NS,NS,NS,A,F,NS,C,NS,A,F,NS,NS,NS,NS,NS,NS,NS,NS,NS,NS,NS,NS,NS,O,NR,NR,NR,Southeast England,"NM, SJH ",Steve - Corallina officianalis (F); Urosalpinx cinerea ®; ,TR178684,51.3734,1.1286
21,5,2022,Reculver Tower,NS,NS,NS,NS,NS,NS,NS,NS,NS,O,NS,S,S,S,NS,NS,NS,NS,NS,NS,NS,NS,NS,NS,NS,NS,NS,NS,NS,NS,NS,NS,NS,NS,NS,NS,NS,NS,NS,F,NS,NS,NS,NS,A,NS,NS,A,NS,NS,NS,NS,NS,R,NS,NS,NS,NS,NS,R,NS,NS,F,O,NS,F,NS,R,R,NS,NS,NS,NS,NS,NS,NS,NS,NS,NS,NS,NS,NS,NS,NR,NR,NR,Southeast England,"NM, SJH ",,TR227693,51.3798,1.1997
21,5,2022,Whitstable Harbour ,NS,NS,NS,NS,NS,NS,NS,NS,C,NS,NS,A,NS,NS,NS,NS,NS,NS,NS,NS,NS,NS,NS,NS,NS,NS,NS,NS,NS,NS,NS,NS,NS,NS,NS,NS,NS,NS,NS,NS,NS,NS,NS,NS,C,NS,NS,S,NS,NS,NS,NS,NS,NS,NS,NS,NS,NS,NS,NS,NS,NS,A,NS,NS,NS,NS,C,NS,NS,NS,NS,NS,NS,NS,NS,NS,NS,NS,NS,NS,NS,NS,NR,NR,NR,Southeast England,"NM, SJH ",Coords need entering ,TR106670,51.3631,1.024
31,5,2022,Lyme Regis Broadledge ,NS,NS,NS,NS,NS,F,NS,NS,S,NS,NS,NS,S,S,NS,NS,NS,NS,NS,R,A,NS,NS,NS,NS,NS,NS,A,NS,C,NS,NS,NS,NS,NS,R,O,NS,NS,R,NS,S,O,S,F,NS,C,NS,NS,NS,NS,NS,NS,A,C,F,NS,C,NS,F,A,NS,S,A,A,A,NS,R,NS,NS,NS,NS,NS,NS,NS,NS,NS,NS,NS,NS,NS,NS,NS,NR,NR,NR,Southwest England ,"NM, GB",Osmundea pinnatifida +++,SY345920,50.714,-2.952
31,5,2022,Lyme Regis MAK Site ,NS,NS,NS,R,NS,NS,NS,NS,A,NS,NS,NS,A,S,NS,NS,O,NS,NS,NS,R,NS,NS,NS,NS,NS,NS,R,NS,C,NS,NS,NS,F,NS,NS,F,NS,NS,R,NS,S,F,A,F,NS,NS,O,NS,NS,NS,NS,NS,C,C,NS,NS,A,NS,O,A,NS,R,O,NS,C,NS,NS,NS,NS,NS,NS,NS,NS,NS,NS,NS,NS,NS,NS,NS,NS,NS,NR,NR,NR,Southwest England ,"NM, GB",heavy sedimentation on approach to site; Osmundea pinnatifida +++ ,SY345920,50.7238,-2.9293
10,6,2022,Polin Beach ,NR,NR,S,NR,NR,NR,NR,NR,NR,A,S,A,A,NR,NR,NR,NR,A,NR,R,O,A,NR,NR,NR,NR,NR,NR,NR,NR,NR,NR,NR,NR,A,A,NR,NR,NR,A,NR,NR,F,A,S,NR,NR,NR,NR,C,NR,NR,NR,NR,NR,NR,NR,F,NR,NR,NR,NR,C,A,A,A,NR,NR,NR,NR,NR,NR,NR,NR,NR,NR,NR,NR,NR,NR,NR,NR,NR,NR,NR,NR,Scotland,SJH,Corallina officianalis (A) ++;,,,
12,6,2022,Scourie exposed ,NS,NS,S,NS,NS,NS,S,R,NS,NS,S,A,A,A,NS,NS,NS,A,NS,NS,NS,C,NS,NS,NS,NS,NS,NS,NS,NS,NS,NS,NS,NS,NS,NS,NS,NS,NS,C,NS,NS,F,A,A,NS,NS,NS,NS,O,NS,NS,NS,A,NS,F,NS,NS,NS,NS,NS,NS,A,A,C,A,NS,NS,NS,NS,NS,NS,NS,NS,NS,NS,NS,NS,NS,NS,NS,NS,NS,NR,NR,NR,Scotland ,"NM, DLS","T logger - new open rock + pool loggers deploeyed, old pool logger retrieved, open rock missing ",NC147448,58.3528,-5.1678
12,6,2022,Scourie sheltered  ,NS,NS,NS,NS,NS,NS,NS,NS,NS,S,S,S,S,S,NS,NS,NS,NS,NS,NS,NS,A,NS,NS,NS,NS,NS,NS,NS,NS,NS,NS,NS,NS,NS,NS,NS,NS,NS,R,NS,NS,NS,NS,A,NS,NS,NS,NS,NS,NS,NS,NS,F,NS,NS,NS,C,NS,NS,NS,NS,C,A,NS,C,NS,NS,NS,NS,NS,NS,NS,NS,NS,NS,NS,NS,NS,NS,NS,NS,NS,NR,NR,NR,Scotland ,"NM, DLS",,NC148449,58.3534,-5.1668
12,7,2022,Caernarfon,NS,NS,NS,NS,NS,NS,NS,NS,NS,F,O,NS,A,NS,NS,NS,NS,NS,NS,NS,NS,NS,NS,NS,NS,NS,NS,NS,NS,NS,NS,NS,NS,NS,NS,NS,NS,NS,NS,NS,NS,NS,NS,NS,A,NS,NS,A,NS,NS,NS,NS,NS,O,NS,NS,NS,C,NS,NS,A,NS,C,O,NS,NS,NS,NS,NS,NS,NS,NS,NS,NS,NS,NS,NS,NS,NS,NS,NS,NS,NS,NR,NR,NR,North Wales ,"NM, HS",,SH521671,53.1374,-4.2897
13,6,2022,Rispond ,NS,NS,S,NS,NS,NS,NS,NS,NS,S,S,S,A,S,NS,NS,NS,NS,NS,O,A,O,NS,NS,NS,NS,NS,NS,NS,NS,NS,NS,NS,NS,NS,NS,NS,NS,NS,F,NS,NS,NS,O,A,NS,NS,NS,NS,R,NS,NS,NS,C,NS,NS,NS,C,NS,F,NS,NS,C,A,NS,A,NS,NS,NS,NS,NS,NS,NS,NS,NS,NS,NS,NS,NS,NS,NS,NS,NS,NR,NR,NR,Scotland,NM,,NC454653,58.5483,-4.6583
13,7,2022,Bull Bay ,NS,NS,NS,NS,NS,NS,NS,NS,NS,S,S,S,A,A,NS,NS,NS,NS,NS,NS,NS,NS,NS,NS,NS,NS,NS,NS,NS,NS,NS,NS,NS,NS,NS,NS,NS,NS,NS,F,NS,NS,NS,NS,A,NS,NS,NS,NS,NS,NS,NS,NS,A,NS,NS,NS,O,NS,NS,R,NS,A,NS,NS,NS,NS,NS,NS,NS,NS,NS,NS,NS,NS,NS,NS,NS,NS,NS,NS,NS,NS,NR,NR,NR,North Wales,"NM, HS, KB",,SH427945,53.4238,-4.3688
14,7,2022,Cemlyn ,NS,S,S,NS,NS,NS,NS,NS,NS,A,S,S,S,S,NS,NS,NS,NS,NS,NS,C,NS,NS,NS,NS,NS,NS,NS,NS,C,NS,NS,NS,NS,NS,F,NS,NS,NS,O,NS,NS,NS,O,S,NS,NS,C,NS,NS,NS,NS,NS,A,NS,R,NS,NS,NS,NS,NS,NS,NS,A,O,C,NS,NS,NS,NS,NS,NS,NS,R,NS,NS,NS,NS,NS,NS,NS,NS,NS,NR,NR,NR,North Wales,"NM, HS  ",,SH337934,53.4146,-4.5112
14,6,2022,Skerray,NS,A,S,O,NS,NS,NS,NS,NS,A,A,A,S,S,NS,NS,NS,O,NS,C,O,A,NS,NS,NS,NS,NS,NS,NS,NS,NS,NS,NS,NS,C,NS,NS,NS,NS,F,NS,NS,NS,NS,A,NS,NS,NS,NS,NS,NS,NS,NS,A,NS,NS,NS,C,NS,A,NS,NS,C,A,C,A,NS,NS,NS,NS,NS,NS,NS,NS,NS,NS,NS,NS,NS,NS,NS,NS,NS,NR,NR,NR,Scotland,"NM, DLS","loggers downloaded and reset, new pool logger but old one retrieved ",NC660641,58.5444,-4.304
14,7,2022,Aberffraw (Briach-Lwyd),NS,S,S,NS,NS,NS,NS,NS,A,NS,O,A,S,A,NS,NS,NS,C,NS,NS,A,A,NS,NS,NS,NS,NS,NS,NS,A,NS,NS,NS,NS,NS,NS,NS,NS,NS,C,NS,NS,NS,A,S,NS,NS,NS,NS,NS,NS,NS,NS,A,NS,F,NS,A,NS,C,A,NS,C,NS,NS,C,NS,NS,NS,NS,NS,NS,NS,NS,NS,NS,NS,NS,NS,NS,NS,NS,NS,NR,NR,NR,North Wales,"NM, HS  ",,SH337674,53.1776,-4.4899
15,6,2022,Fregoe,NS,S,S,O,NS,NS,NS,C,NS,NS,S,S,A,S,NS,NS,NS,A,NS,C,C,NS,NS,NS,NS,NS,NS,NS,NS,O,NS,NS,NS,NS,NS,NS,NS,NS,NS,F,NS,NS,NS,C,A,NS,NS,NS,NS,O,NS,NS,NS,A,NS,C,NS,F,NS,C,NS,NS,S,C,NS,A,NS,NS,NS,NS,NS,NS,NS,NS,NS,NS,NS,NS,NS,NS,NS,NS,NS,NR,NR,NR,Scotland,"NM, DLS",Osmundea pinnatifida +++,NC959657,58.5669,-3.7913
15,6,2022,Murkle Bay the Spur ,NS,NS,S,NS,NS,NS,NS,C,NS,NS,A,S,S,S,NS,NS,NS,NS,NS,NS,O,O,NS,NS,NS,NS,NS,NS,NS,O,NS,NS,NS,NS,NS,NS,NS,NS,NS,F,NS,NS,O,NS,S,NS,NS,NS,NS,O,NS,NS,NS,A,NS,NS,NS,F,NS,C,NS,NS,C,C,C,A,NS,NS,NS,NS,NS,NS,NS,NS,NS,NS,NS,NS,NS,NS,NS,NS,NS,NR,NR,NR,Scotland,"NM, DLS",,ND170698,58.6077,-3.343
16,6,2022,Portskerra ,NS,S,S,NS,NS,NS,NS,NS,NS,A,S,S,A,S,NS,NS,NS,NS,NS,NS,C,NS,NS,NS,NS,NS,NS,NS,NS,NS,NS,NS,NS,NS,NS,NS,NS,NS,NS,F,NS,NS,NS,NS,C,NS,NS,NS,NS,NS,NS,NS,NS,A,NS,O,NS,C,NS,A,NS,NS,A,A,C,A,NS,NS,NS,NS,NS,NS,NS,NS,NS,NS,NS,NS,NS,NS,NS,NS,NS,NR,NR,NR,Scotland,"NM, DLS",Osmundea pinnatifida +++,NC870660,58.5674,-3.9444
16,7,2022,Aberdaron,NS,NS,NS,NS,NS,NS,NS,NS,NS,S,S,S,S,S,NS,NS,NS,NS,NS,NS,NS,A,NS,NS,NS,NS,NS,NS,NS,NS,NS,NS,NS,NS,NS,NS,NS,NS,NS,NS,NS,NS,NS,S,S,NS,NS,NS,NS,R,NS,NS,NS,A,R,NS,NS,A,NS,NS,A,NS,C,A,A,NS,NS,NS,NS,NS,NS,NS,NS,NS,NS,NS,NS,NS,NS,NS,NS,NS,NS,NR,NR,NR,North Wales,"NM, HS  ",,SH166260,52.8003,-4.722
17,7,2022,Abersoch lifeboat station ,NS,NS,NS,NS,NS,NS,NS,NS,NS,A,A,A,NS,NS,NS,NS,NS,NS,NS,NS,A,NS,NS,NS,NS,NS,NS,NS,NS,NS,NS,NS,NS,NS,NS,F,R,NS,NS,C,NS,NS,O/C,S,S,NS,O,C,NS,A,NS,NS,NS,A,C,C,NS,NS,NS,NS,NS,NS,F,A,A,C,NS,NS,NS,NS,NS,NS,NS,NS,NS,NS,NS,NS,NS,NS,NS,NS,NS,NR,NR,NR,North Wales,"NM, HS  ",S.clava (O/C),SH323265,52.8107,-4.4881
17,7,2022,Criccieth (East),NS,NS,NS,NS,NS,NS,NS,NS,NS,NS,NS,NS,S,S,NS,NS,NS,NS,NS,NS,C,NS,NS,NS,NS,NS,NS,NS,NS,NS,NS,NS,NS,NS,NS,R,NS,NS,NS,O,NS,A,NS,A,A,NS,NS,NS,NS,NS,NS,NS,NS,A,O,NS,NS,S,NS,NS,A,NS,C,NS,NS,A,NS,NS,NS,NS,NS,NS,NS,NS,NS,NS,NS,NS,NS,NS,NS,NS,NS,NR,NR,NR,North Wales,"NM, HS  ",,SH506380,52.9186,-4.2236
19,6,2022,Bay of Sannick,NS,S,S,NS,NS,NS,NS,C,NS,S,C,A,S,S,NS,NS,NS,NS,NS,NS,NS,F,NS,NS,NS,NS,NS,NS,NS,NS,NS,NS,NS,NS,C,NS,NS,NS,NS,O,NS,NS,NS,NS,A,NS,NS,NS,NS,NS,NS,NS,NS,A,NS,NS,NS,NS,NS,A,NS,NS,O,A,NS,F,NS,NS,NS,NS,NS,NS,NS,NS,NS,NS,NS,NS,NS,NS,NS,NS,NS,NR,NR,NR,Scotland,"NM, DLS",Osmundea pinnatifida +++,ND394736,58.6459,-3.0434
19,6,2022,Wick,NS,S,S,O,NS,NS,C,A,NS,NS,S,S,S,S,NS,NS,NS,NS,NS,C,O,A,NS,NS,NS,NS,NS,NS,NS,A,NS,NS,NS,NS,NS,O,NS,NS,NS,C,NS,NS,NS,NS,S,NS,NS,NS,NS,O,NS,NS,NS,A,NS,C,NS,NS,NS,A,NS,R,O,A,F,F,NS,NS,NS,NS,NS,NS,NS,NS,NS,NS,NS,NS,NS,NS,NS,NS,NS,NR,NR,NR,Scotland,"NM, DLS",,ND384508,58.4412,-3.0568
11,7,2022,Rhyl Splash Point,NS,NS,NS,NS,NS,NS,NS,NS,NS,NS,NS,A,NS,NS,NS,NS,NS,NS,NS,NS,NS,NS,NS,NS,NS,NS,NS,NS,NS,NS,NS,NS,NS,NS,NS,NS,NS,NS,NS,NS,NS,NS,NS,NS,A,NS,NS,S,NS,NS,NS,NS,NS,NS,NS,NS,NS,NS,NS,NS,NS,NS,O,NS,NS,NS,NS,NS,NS,NS,NS,NS,NS,NS,NS,NS,NS,NS,NS,NS,NS,NS,NS,NR,NR,NR,North Wales ,"NM, HS",,SJ021824,53.3299,-3.4715
11,7,2022,Great Orme East ,NS,NS,NS,NS,NS,NS,NS,NS,NS,S,S,S,O,C,NS,NS,NS,NS,NS,NS,A,A,NS,NS,NS,NS,NS,NS,NS,NS,NS,NS,NS,NS,F,NS,NS,NS,NS,F,NS,NS,NS,O,S,NS,NS,NS,NS,R,NS,NS,NS,C,NS,NS,NS,A,NS,NS,F,NS,A,O,R,A,NS,NS,NS,NS,NS,NS,NS,NS,NS,NS,NS,NS,NS,NS,NS,NS,NS,NR,NR,NR,North Wales ,"NM, HS",lots of drift algae covered in bryozoans and hydroids ,SH782832,53.3321,-3.8297
11,7,2022,Rhos-On-Sea,NS,NS,NS,NS,NS,NS,NS,NS,NS,NS,NS,NS,NS,NS,NS,NS,NS,NS,NS,NS,F,NS,NS,NS,NS,NS,NS,NS,NS,NS,NS,NS,NS,NS,NS,NS,NS,NS,NS,F,NS,NS,NS,NS,A,NS,NS,A,NS,O,NS,NS,NS,F,NS,NS,NS,A,NS,NS,C,NS,A,NS,NS,NS,NS,NS,NS,NS,NS,NS,NS,NS,NS,NS,NS,NS,NS,NS,NS,NS,NS,NR,NR,NR,North Wales ,"NM, HS",highshore mass deposits of subtidal algae covered in bryozoans/hydroids; Rhos - new coastal defence on other side of harbour and boom 100m offshore (pic) ,SH843805,53.3114,-3.7381
11,7,2022,Little Orme ,NS,S,S,NS,NS,NS,NS,NS,NS,NS,NS,NS,A,S,NS,NS,NS,NS,NS,NS,C,NS,NS,NS,NS,NS,NS,NS,NS,A,NS,NS,NS,NS,C,NS,NS,NS,NS,C,NS,A,NS,NS,S,NS,NS,A,NS,NS,NS,NS,NS,A,NS,NS,NS,C,NS,NS,NS,NS,O,F,O,F,NS,NS,NS,NS,NS,NS,NS,NS,NS,NS,NS,NS,NS,NS,NS,NS,NS,NR,NR,NR,North Wales ,"NM, HS",,SH812825,53.326,-3.7852
11,7,2022,Llanddulas,NS,NS,NS,NS,NS,NS,NS,NS,NS,NS,NS,A,NS,NS,NS,NS,NS,NS,NS,NS,F,NS,NS,NS,NS,NS,NS,NS,NS,NS,NS,NS,NS,NS,NS,NS,NS,NS,NS,F,NS,S,NS,NS,A,NS,NS,A,NS,NS,NS,NS,NS,O,NS,NS,NS,A,NS,NS,F,NS,A,NS,NS,NS,NS,NS,NS,NS,NS,NS,NS,NS,NS,NS,NS,NS,NS,NS,NS,NS,NS,NR,NR,NR,North Wales ,"NM, HS",,SH906787,53.2933,-3.6296
12,7,2022,Trefor ,NS,NS,NS,NS,NS,NS,NS,NS,NS,NS,C,C,S,NS,NS,NS,NS,NS,NS,NS,O,NS,NS,NS,NS,NS,NS,NS,NS,NS,NS,NS,NS,NS,NS,NS,NS,NS,NS,NS,NS,NS,NS,O/C,A,NS,NS,NS,NS,NS,NS,NS,NS,NS,NS,NS,NS,C,NS,NS,A,NS,C,A,NS,NS,NS,NS,NS,NS,NS,NS,NS,NS,NS,NS,NS,NS,NS,NS,NS,NS,NS,NR,NR,NR,North Wales ,"NM, HS",,SH376474,52.9992,-4.4215
12,7,2022,Great Orme Trwynygogarth,NS,NS,NS,NS,NS,NS,NS,NS,NS,F,O,NS,S,S,NS,NS,NS,NS,NS,NS,NS,F,NS,NS,NS,NS,NS,NS,NS,NS,NS,NS,NS,NS,NS,NS,NS,NS,NS,O,NS,S,NS,NS,S,NS,NS,C,NS,R,NS,NS,NS,C,NS,NS,NS,A,NS,NS,R,NS,A,C,R,NS,NS,NS,NS,NS,NS,NS,NS,NS,NS,NS,NS,NS,NS,NS,NS,NS,NS,NR,NR,NR,North Wales ,"NM, HS",,SH749834,53.3327,-3.8801
13,7,2022,Holyhead ,NS,S,S,NS,NS,NS,NS,NS,R,S,S,S,A,S,NS,NS,NS,NS,NS,NS,S,NS,NS,NS,NS,NS,NS,NS,NS,NS,NS,NS,NS,NS,NS,NS,NS,NS,NS,O,NS,NS,NS,R,A,NS,NS,R,NS,O,NS,NS,NS,NS,NS,F,NS,A,NS,C,A,NS,A,A,NS,F,NS,NS,NS,NS,NS,NS,NS,NS,NS,NS,NS,NS,NS,NS,NS,NS,NS,NR,NR,NR,North Wales ,"NM, HS, GW ",,SH257825,53.3108,-4.6461
15,7,2022,Llanbedrog,NS,NS,NS,NS,NS,NS,NS,NS,NS,S,S,S,S,NS,NS,NS,NS,NS,NS,NS,NS,NS,NS,NS,NS,NS,NS,NS,NS,NS,NS,NS,NS,NS,NS,NS,NS,NS,NS,F,NS,NS,NS,A,C,NS,NS,A,NS,NS,NS,NS,NS,C,NS,NS,NS,NS,NS,NS,NS,NS,F,O,NS,NS,NS,NS,NS,NS,NS,NS,NS,NS,NS,NS,NS,NS,NS,NS,NS,NS,NS,NR,NR,NR,North Wales,"NM, HS  ",,SH335311,52.8516,-4.4742
11,7,2022,Llanddulas,NS,NS,NS,NS,NS,NS,NS,NS,NS,NS,NS,A,NS,NS,NS,NS,NS,NS,NS,NS,F,NS,NS,NS,NS,NS,NS,NS,NS,NS,NS,NS,NS,NS,NS,NS,NS,NS,NS,F,NS,S,NS,NS,A,NS,NS,A,NS,NS,NS,NS,NS,O,NS,NS,NS,A,NS,NS,F,NS,A,NS,NS,NS,NS,NS,NS,NS,NS,NS,NS,NS,NS,NS,NS,NS,NS,NS,NS,NS,NS,NR,NR,NR,North Wales ,"NM, HS",,SH906787,53.2933,-3.6296
12,7,2022,Menai Bridge ,NS,S,S,F,NS,NS,NS,NS,R,S,A,S,S,S,NS,NS,NS,R,NS,NS,A,NS,NS,NS,NS,NS,NS,NS,NS,A,NS,NS,NS,NS,NS,NS,NS,NS,NS,NS,NS,NS,NS,NS,S,C,NS,NS,NS,R,NS,NS,NS,C,NS,NS,NS,A,NS,C,F,NS,A,NS,NS,C,NS,NS,NS,NS,NS,NS,NS,NS,NS,NS,NS,NS,NS,NS,NS,NS,NS,NR,NR,NR,North Wales ,"NM, HS",100s of dead Nucella lapillus shells  ,SH555714,53.2207,-4.1643
12,7,2022,Penmaenmawr Natural,NS,NS,NS,NS,NS,NS,NS,NS,NS,NS,NS,S,NS,NS,NS,NS,NS,NS,NS,NS,A,NS,NS,NS,NS,NS,NS,NS,NS,NS,NS,NS,NS,NS,NS,NS,NS,NS,NS,A,NS,NS,NS,NS,S,NS,NS,C,NS,R,NS,NS,NS,C,NS,NS,NS,C,NS,NS,O,NS,A,C,R,A,NS,NS,NS,NS,NS,NS,NS,NS,NS,NS,NS,NS,NS,NS,NS,NS,NS,NR,NR,NR,North Wales ,"NM, HS",,SH704763,53.2674,-3.944
12,7,2022,Penmon North,NS,NS,S,O,NS,NS,NS,NS,R,S,S,S,S,S,NS,NS,NS,NS,NS,NS,S,A,NS,NS,NS,NS,NS,NS,NS,C,NS,NS,NS,NS,NS,NS,NS,NS,NS,C,NS,NS,NS,NS,S,NS,NS,A,NS,NS,NS,NS,NS,C,NS,NS,NS,NS,NS,NS,NS,NS,O,F,R,O,NS,NS,NS,NS,NS,NS,NS,NS,NS,NS,NS,NS,NS,NS,NS,NS,NS,NR,NR,NR,North Wales ,"NM, HS",man spraying bleach all over the path to the lighthouse in the intersection,SH641813,53.3111,-4.0413
13,7,2022,Moelfre,NS,NS,A,O,NS,NS,NS,NS,NS,S,S,S,S,S,NS,NS,NS,NS,NS,NS,A,NS,NS,NS,NS,NS,NS,NS,NS,NS,NS,NS,NS,NS,NS,NS,NS,NS,NS,NS,NS,NS,NS,NS,S,NS,NS,C,NS,R,NS,NS,NS,NS,NS,NS,NS,A,NS,NS,NS,NS,C,A,R,F,NS,NS,NS,NS,NS,NS,NS,NS,NS,NS,NS,NS,NS,NS,NS,NS,NS,NR,NR,NR,North Wales,"NM, HS, KB",,SH513859,53.349,-4.2354
13,7,2022,Point Lynas ,NS,NS,NS,NS,NS,NS,NS,NS,NS,NS,S,S,A,S,NS,NS,NS,NS,NS,NS,O,NS,NS,NS,NS,NS,NS,NS,NS,F,NS,NS,NS,NS,NS,NS,NS,NS,NS,NS,NS,NS,NS,NS,S,NS,NS,NS,NS,NS,NS,NS,NS,C,NS,NS,NS,R,NS,NS,NS,NS,NS,A,NS,O,NS,NS,NS,NS,NS,NS,NS,NS,NS,NS,NS,NS,NS,NS,NS,NS,NS,NR,NR,NR,North Wales ,NM,Tide not low enough to see kelp species ,SH477929,53.4109,-4.2928
13,7,2022,Porth Eilian,NS,NS,NS,NS,NS,NS,NS,NS,NS,S,S,S,S,NS,NS,NS,NS,NS,NS,NS,F,NS,NS,NS,NS,NS,NS,NS,NS,NS,NS,NS,NS,NS,NS,NS,NS,NS,NS,NS,NS,NS,NS,NS,S,NS,NS,NS,NS,NS,NS,NS,NS,C,NS,NS,NS,C,NS,NS,F,NS,A,C,NS,C,NS,NS,NS,NS,NS,NS,NS,NS,NS,NS,NS,NS,NS,NS,NS,NS,NS,NR,NR,NR,North Wales,"NM, HS, KB",,SH484929,53.4111,-4.2823
13,7,2022,Porth Swtan,NS,S,S,NS,NS,NS,NS,NS,A,NS,A,A,A,S,NS,NS,NS,NS,NS,NS,C,NS,NS,NS,NS,NS,NS,NS,NS,NS,NS,NS,NS,NS,NS,NS,C,NS,NS,F,NS,NS,NS,NS,S,NS,NS,NS,NS,NS,NS,NS,NS,A,NS,O,NS,A,NS,C,A,NS,A,A,NS,A,NS,NS,NS,NS,NS,NS,NS,NS,NS,NS,NS,NS,NS,NS,NS,NS,NS,NR,NR,NR,North Wales ,"NM, HS",,SH298891,53.3713,-4.5598
13,7,2022,Port St Mary,R,S,S,NR,NR,A,S,S,A,NR,F,C,A,A,NR,NR,NR,NR,NR,A,S,NR,NR,NR,NR,NR,NR,NR,NR,A,NR,NR,NR,NR,C,F,NR,NR,NR,C,NR,NR,O,C,S,F,NR,R,NR,NR,NR,NR,NR,NR,A,NR,R,NR,NR,C,NR,O,F,A,A,C,NR,NR,NR,NR,NR,NR,NR,NR,NR,NR,NR,NR,NR,NR,NR,NR,NR,NR,NR,NR,Scotland ,SJH,Steve - Osmundea pinnatifida (A) ++; Cladophora rupestris (A); Corallina officianalis (A) +; Ocenebra erinacea ® ; ,SC211669,54.0669,-4.7354
14,7,2022,Rhosneigr,NS,NS,NS,NS,NS,NS,NS,NS,NS,A,A,A,A,A,NS,NS,NS,NS,NS,NS,C,NS,NS,NS,NS,NS,NS,NS,NS,NS,NS,NS,NS,NS,NS,NS,F,NS,NS,F,NS,NS,NS,NS,C,NS,NS,NS,NS,R,NS,NS,NS,C,NS,NS,NS,A,NS,NS,A,NS,A,A,NS,F,NS,NS,NS,NS,NS,NS,NS,NS,NS,NS,NS,NS,NS,NS,NS,NS,NS,NR,NR,NR,North Wales,"NM, HS  ",,SH315725,53.2233,-4.5253
14,7,2022,Fenella Beach (Peel beach),NR,S,A,A,NR,NR,A,NR,NR,F,A,A,A,NR,NR,NR,NR,NR,NR,C,NR,C,NR,NR,NR,NR,NR,NR,NR,NR,NR,NR,NR,NR,A,A,NR,NR,NR,A,NR,NR,NR,A,S,R,NR,F,NR,C,NR,NR,NR,A,NR,A,NR,NR,NR,NR,NR,NR,C,A,A,A,NR,NR,NR,NR,NR,NR,NR,NR,NR,NR,NR,NR,NR,NR,NR,NR,NR,NR,NR,NR,Isle of Man,SJH,Eulalia viridis (O); Leathesia marina ©; Corallina officianalis (A); Osmundea pinnatifida (F) +;,SC240844,54.2257,-4.7009
14,7,2022,Ramsey South Pier (south harbour wall),NR,NR,NR,C,NR,R,NR,NR,F,NR,A,A,S,S,NR,NR,NR,NR,NR,C,C,NR,NR,NR,NR,NR,NR,NR,NR,NR,NR,NR,NR,NR,NR,F,F,NR,NR,F,NR,NR,NR,A,S,A,NR,A,NR,A,NR,NR,NR,A,NR,NR,NR,R,NR,F,NR,NR,C,A,NR,F,NR,NR,NR,NR,NR,NR,NR,NR,NR,NR,NR,NR,NR,NR,NR,NR,NR,NR,NR,NR,Isle of Man,SJH,Littorina fabalis (x1); Cladostephus (O); Gibbula magus (O)(white morph); ,SC455946,54.3237,-4.377
15,7,2022,Nefyn,NS,S,S,NS,NS,C,NS,NS,NS,NS,A,A,NS,NS,NS,NS,NS,NS,NS,NS,NS,NS,NS,NS,NS,NS,NS,NS,NS,NS,NS,NS,NS,NS,O,NS,NS,NS,NS,O,NS,NS,NS,S,S,NS,NS,NS,NS,NS,NS,NS,NS,A,NS,A,NS,NS,NS,NS,NS,NS,NS,O,A,C,NS,NS,NS,NS,NS,NS,NS,NS,NS,NS,NS,NS,NS,NS,NS,NS,NS,NR,NR,NR,North Wales,"NM, HS  ",,SH274415,52.943,-4.5702
15,7,2022,Porth Oer,NS,A,A,O,NS,S,NS,NS,S,S,S,S,F,S,NS,NS,NS,F,NS,NS,A,R,NS,NS,NS,NS,NS,NS,NS,S,NS,NS,NS,NS,NS,NS,A,NS,NS,C,NS,NS,NS,A,A,NS,NS,NS,NS,NS,NS,NS,NS,A,R,R,NS,O,NS,NS,NS,NS,C,A,C,C,NS,NS,NS,NS,NS,NS,NS,NS,NS,NS,NS,NS,NS,NS,NS,NS,NS,NR,NR,NR,North Wales,"NM, HS  ",Ex loggers downloaded ,SH163297,52.8344,-4.7256
15,7,2022,Niarbyl Inner ,NR,NR,NR,NR,NR,NR,NR,NR,NR,A,S,S,NR,NR,NR,NR,NR,NR,NR,NR,NR,NR,NR,NR,NR,NR,NR,NR,NR,NR,NR,NR,NR,NR,NR,NR,NR,NR,NR,NR,NR,NR,NR,NR,NR,NR,NR,NR,NR,O,NR,NR,NR,NR,NR,NR,NR,F,NR,NR,NR,NR,A,S,NR,A,NR,NR,NR,NR,NR,NR,NR,NR,NR,NR,NR,NR,NR,NR,NR,NR,NR,NR,NR,NR,Isle of Man,SJH,,SC210775,54.1633,-4.7409
15,7,2022,Niarbyl Outer,C,S,S,NR,NR,NR,A,S,S,NR,A,S,A,S,NR,NR,NR,NR,NR,A,C,A,NR,NR,NR,NR,NR,NR,NR,NR,NR,NR,NR,NR,C,F,A,NR,NR,A,NR,NR,NR,F,S,C,NR,NR,NR,F,NR,NR,NR,NR,NR,A,A,NR,NR,NR,NR,F,S,NR,A,A,NR,NR,NR,NR,NR,NR,NR,NR,NR,NR,NR,NR,NR,NR,NR,NR,NR,NR,NR,NR,Isle of Man,SJH,,SC207773,54.1618,-4.7463
15,7,2022,Port Erin,NR,A,NR,A,NR,A,A,NR,A,S,S,S,A,S,NR,NR,NR,NR,NR,NR,A,NR,NR,NR,NR,NR,NR,NR,NR,F,NR,NR,NR,NR,C,C,A,NR,NR,A,NR,NR,NR,C,S,NR,NR,F,NR,O,NR,NR,NR,NR,NR,A,R,NR,NR,A,NR,R,A,A,A,C,NR,NR,NR,NR,NR,NR,NR,NR,NR,NR,NR,NR,NR,NR,NR,NR,NR,NR,NR,NR,Isle of Man,SJH,Leathesia marina (A); Osmundea (A) +; Corallina officianalis (A); Cylista troglodytes (F); Aulactinia (Bunodactis) (A); Metridium senile ®.,SC193694,54.0893,-4.7623
16,7,2022,Porth Neigwl,NS,S,A,NS,NS,NS,NS,NS,NS,NS,A,A,S,S,NS,NS,NS,NS,NS,NS,A,O,NS,NS,NS,NS,NS,NS,NS,C,NS,NS,NS,NS,NS,F,O,NS,NS,O,NS,NS,NS,A,S,NS,NS,NS,NS,NS,NS,NS,NS,C,O,NS,NS,A,NS,C,A,NS,A,A,NS,A,NS,NS,NS,NS,NS,NS,NS,NS,NS,NS,NS,NS,NS,NS,NS,NS,NS,NR,NR,NR,North Wales,"NM, HS  ",dense cover of fucoids up to highshore ,SH288245,52.7908,-4.5404
16,7,2022,Criccieth Castle ,NS,NS,NS,NS,NS,NS,NS,NS,NS,S,A,S,S,S,NS,NS,NS,NS,NS,NS,C,C,NS,NS,NS,NS,NS,NS,NS,NS,NS,NS,NS,NS,NS,R,NS,NS,NS,R,NS,NS,F,S,S,NS,NS,C,NS,C,NS,NS,NS,A,C,NS,NS,NS,NS,NS,NS,NS,NS,NS,A,NS,NS,NS,NS,NS,NS,NS,NS,NS,NS,NS,NS,NS,NS,NS,NS,NS,NS,NR,NR,NR,North Wales,"NM, HS  ",,SH494376,52.9146,-4.2412
16,7,2022,Scarlett Point,F,S,S,NR,NR,A,A,S,A,C,A,A,A,S,NR,NR,NR,NR,NR,A,NR,C,NR,NR,NR,NR,NR,NR,NR,A,NR,NR,NR,NR,A,A,A,NR,NR,A,NR,NR,R,A,S,C,NR,R,NR,R,NR,NR,NR,A,NR,A,F,A,NR,A,NR,C ,F,A,C,C,NR,NR,NR,NR,NR,NR,NR,NR,NR,NR,NR,NR,NR,NR,NR,NR,NR,NR,NR,NR,Isle of Man,SJH,Leathesia marina (A); Osmundea pinnatifida (A) ++; Corallina officianalis (A)++; Cladophora rupestris ©; Trivia monacha (✓).,SC194694,54.0627,-4.5517
17,7,2022,Porth Ceriad,NS,NS,NS,NS,NS,NS,NS,NS,NS,NS,A,A,S,NS,NS,NS,NS,NS,NS,NS,R,A,NS,NS,NS,NS,NS,NS,NS,NS,NS,NS,NS,NS,NS,NS,NS,NS,NS,O,NS,NS,R,S,S,NS,NS,O,NS,O,NS,NS,NS,C,O,NS,NS,NS,NS,NS,NS,NS,NS,O,A,NS,NS,NS,NS,NS,NS,NS,NS,NS,NS,NS,NS,NS,NS,NS,NS,NS,NS,NR,NR,NR,North Wales,"NM, HS  ",,SH308247,52.7938,-4.5094
17,7,2022,Port St Mary,O,S,S,,,A,A,S,S,,F,C,A,S,,,,,,A,A,,,,,,,,,A,,,,,C,A,R,,,A,,,R,A,S,C,,,,,,,,,,A,O,,,A,,O,,S,,,,,,,,,,,,,,,,,,NR,NR,NR,NR,NR,Isle of Man,SJH,Cladophora rupestris (A),SC211669,54.0669,-4.7354
17,7,2022,Port Erin Take 2 ,,,,,,,,,,,A,A,,,,,,,,,,,,,,,,,,,,,,,,,,,,,,,,,,,,,,,,,,,,,,,,,,,,A,,,,,,,,,,,,,,,,,,NR,NR,NR,NR,NR,Isle of Man,SJH,,SH288245,52.7908,-4.5404
11,8,2022,Filey Brigg (exposed) ,NS,S,S,NS,NS,NS,NS,A,NS,O,S,A,A,S,NS,NS,NS,C,NS,C,F,NS,NS,NS,NS,NS,NS,NS,NS,C,NS,NS,NS,NS,NS,NS,NS,NS,NS,A,NS,NS,NS,NS,S,NS,NS,NS,NS,O,NS,NS,NS,A,NS,O,NS,NS,NS,NS,NS,NS,A,C,NS,O,NS,NS,NS,NS,NS,NS,NS,NS,NS,NS,NS,NS,NS,NS,NS,NS,NS,NR,NR,NR,Northeast England,"NM, HS  ",,TA135814,54.2217,-0.2836
11,8,2022,Filey Brigg (sheltered),NS,NS,NS,NS,NS,NS,NS,NS,NS,C,A,S,S,S,NS,NS,NS,NS,NS,C,NS,NS,NS,NS,NS,NS,NS,NS,NS,NS,NS,NS,NS,NS,NS,NS,NS,NS,NS,C,NS,NS,NS,NS,A,NS,NS,NS,NS,NS,NS,NS,NS,C,NS,NS,NS,NS,NS,NS,NS,NS,C,C,NS,NS,NS,NS,NS,NS,NS,NS,NS,NS,NS,NS,NS,NS,NS,NS,NS,NS,NS,NR,NR,NR,Northeast England,"NM, HS  ",,TA133814,54.2158,-0.264
12,8,2022,"Newton Point, Low-Newton-by-the-Sea",NS,S,S,O,NS,NS,NS,A,NS,O,A,A,S,S,NS,NS,NS,S,NS,A,C,R,NS,NS,NS,NS,NS,NS,NS,A,NS,NS,NS,NS,A,NS,NS,NS,NS,O,NS,NS,NS,NS,S,NS,NS,NS,NS,NS,NS,NS,NS,A,NS,O,NS,NS,NS,NS,NS,NS,A,A,C,C,NS,NS,NS,NS,NS,NS,NS,NS,NS,NS,NS,NS,NS,NS,NS,NS,NS,NR,NR,NR,Northeast England,"NM, HS  ",Corallina officianalis +++; Osmundia pinnatifida +++; Dilsea carnosa +,NU247254,55.5221,-1.6097
12,8,2022,Scaby Mills ,NS,S,S,NS,NS,NS,NS,NS,NS,NS,NS,S,S,S,NS,NS,NS,NS,NS,C,S,NS,NS,NS,NS,NS,NS,NS,NS,NS,NS,NS,NS,NS,NS,NS,NS,NS,NS,R,NS,NS,NS,NS,A,NS,NS,O,NS,R,NS,NS,NS,A,NS,O,NS,NS,NS,A,NS,NS,A,C,C,C,NS,NS,NS,NS,NS,NS,NS,NS,NS,NS,NS,NS,NS,NS,NS,NS,NS,NR,NR,NR,Northeast England,"NM, HS  ",Osmundea pinnatifida +++; Corallina officinalis +,TA037907,54.3013,-0.4079
12,8,2022,Staithes Cowbar,NS,S,S,R,NS,NS,NS,NS,NS,NS,NS,S,O,S,NS,NS,NS,NS,NS,A,C,NS,NS,NS,NS,NS,NS,NS,NS,NS,NS,NS,NS,NS,NS,NS,NS,NS,NS,NS,NS,NS,NS,NS,A,F,NS,NS,NS,C,NS,NS,NS,A,NS,C,C,NS,NS,NS,NS,NS,S,NS,A,A,NS,NS,NS,NS,NS,NS,NS,NS,NS,NS,NS,NS,NS,NS,NS,NS,NS,NR,NR,NR,Northeast England,"NM, HS  ",no barnacles at mid or low in usual transect. Almost all dead near pipeline ,NZ784192,54.5609,-0.7141
13,8,2022,Boulmer,NS,S,S,F,NS,NS,NS,NS,NS,S,NS,R,S,S,NS,NS,NS,S,NS,A,O,NS,NS,NS,NS,NS,NS,NS,NS,NS,NS,NS,NS,NS,NS,NS,NS,NS,NS,F,NS,NS,NS,NS,A,NS,NS,NS,NS,NS,NS,NS,NS,C,NS,F,NS,NS,NS,A,NS,NS,C,NS,NS,F,NS,NS,NS,NS,NS,NS,NS,NS,NS,NS,NS,NS,NS,NS,NS,NS,NS,NR,NR,NR,Northeast England,"NM, HS  ",bifurcating brown ??? C 20%,NU266140,55.4187,-1.5729
13,8,2022,Howick Rumbling Kern ,NS,S,S,NS,NS,NS,C,C,NS,S,A,S,S,A,NS,NS,NS,A,NS,NS,C,NS,NS,NS,NS,NS,NS,NS,NS,A,NS,NS,NS,NS,F,NS,NS,NS,NS,O,NS,NS,NS,NS,S,NS,NS,NS,NS,R,NS,NS,NS,A,NS,A,C,NS,NS,NS,NS,NS,A,O,C,O,NS,NS,NS,NS,NS,NS,NS,NS,NS,NS,NS,NS,NS,NS,NS,NS,NS,NR,NR,NR,Northeast England,"NM, HS",Corallina officianalis ++; Osmundia pinnatifida +++; Dilsea carnosa +,NU262172,55.4485,-1.5862
15,8,2022,Castlehead Rocks ,NS,S,S,C,NS,NS,S,A,NS,NS,S,S,S,S,NS,NS,NS,S,NS,A,C,O,NS,NS,NS,NS,NS,NS,NS,S,NS,NS,NS,NS,A,NS,NS,NS,NS,O,NS,NS,NS,NS,S,NS,NS,NS,NS,O,NS,NS,NS,A,NS,F,O,NS,NS,C,NS,NS,A,F,NS,A,NS,NS,NS,NS,NS,NS,NS,C,NS,NS,C,NS,NS,NS,NS,NS,NS,NR,NR,NR,Northeast England,"NM, CS",,NU132440,55.6881,-1.7928
26,8,2022,Aberystwyth,NS,NS,R,NS,NS,NS,NS,NS,NS,A,NS,NS,S,S,NS,NS,NS,NS,NS,NS,C,NS,NS,NS,NS,NS,NS,NS,NS,NS,NS,NS,NS,NS,NS,O,F,NS,R,F,NS,NS,F,S,S,NS,NS,NS,NS,O,NS,NS,NS,A,C,NS,NS,O,NS,NS,O,NS,A,NS,NS,O,NS,NS,NS,NS,NS,NS,NS,NS,NS,NS,NS,NS,NS,NS,NS,NS,NS,NR,NR,NR,South Wales,"NM, DLS",,SN582828,52.4247,-4.0869
27,8,2022,Neyland Natural ,NS,NS,NS,NS,NS,NS,NS,NS,NS,O,NS,F,A,A,NS,NS,NS,NS,NS,A,NS,NS,NS,NS,NS,NS,NS,NS,NS,NS,NS,NS,NS,NS,NS,A,NS,NS,NS,NS,NS,NS,NS,NS,R,C,NS,S,NS,NS,NS,NS,NS,A,NS,NS,NS,A,NS,C,A,NS,C,A,NS,C,NS,NS,R,NS,NS,NS,R,NS,NS,NS,NS,NS,NS,NS,NS,NS,NS,NR,NR,NR,South Wales,"NM, MB",cross reference with Mark's data form site,SM967047 ,51.7045,-4.9433
28,8,2022,Broad Haven ,NS,NS,O,NS,NS,NS,NS,NS,S,S,C,A,A,S,NS,NS,NS,NS,A,C,C,A,NS,NS,NS,NS,NS,NS,NS,NS,NS,NS,NS,NS,NS,C,O,NS,NS,A,NS,NS,O,S,A,NS,A,A,NS,S,NS,NS,NS,A,C,C,NS,A,NS,NS,A,NS,F,F,A,C,NS,NS,NS,NS,NS,NS,NS,NS,NS,NS,NS,NS,NS,NS,NS,NS,NS,NR,NR,NR,South Wales,NM,,SM859144,51.7871,-5.1057
30,8,2022,Monkstone Point ,NS,NS,NS,NS,NS,NS,NS,NS,NS,O,A,F,NS,F,NS,NS,NS,NS,NS,NS,C,NS,NS,NS,NS,NS,NS,NS,NS,NS,NS,NS,NS,NS,NS,S,NS,NS,NS,C,NS,NS,NS,S,S,NS,A,A,NS,NS,NS,NS,NS,C,F,NS,NS,A,NS,NS,NS,NS,A,A,NS,A,NS,NS,NS,NS,NS,NS,NS,NS,NS,NS,NS,NS,NS,NS,NS,NS,NS,NR,NR,NR,South Wales,NM,,SN150033,51.6978,-4.6784
31,8,2022,Jetty Beach Dale ,NS,NS,C,NS,NS,O,NS,NS,NS,C,A,S,C,S,NS,NS,NS,NS,NS,O,NS,NS,NS,NS,NS,S,NS,NS,NS,A,NS,NS,NS,NS,C,A,O,NS,NS,O,NS,NS,R,A,A,C,O,A,NS,NS,NS,NS,NS,A,C,NS,NS,A,NS,C,A,NS,NS,C,NS,F,NS,NS,NS,C,NS,NS,R,NS,NS,NS,NS,NS,NS,NS,NS,NS,NS,NR,NR,NR,South Wales,"NM, MB",,SM822053,51.7041,-5.1533
27,8,2022,Neyland Natural ,NS,NS,NS,NS,NS,NS,NS,NS,NS,O,NS,F,A,A,NS,NS,NS,NS,NS,A,NS,NS,NS,NS,NS,NS,NS,NS,NS,NS,NS,NS,NS,NS,NS,A,NS,NS,NS,NS,NS,NS,NS,NS,R,C,NS,S,NS,NS,NS,NS,NS,A,NS,NS,NS,A,NS,C,A,NS,C,A,NS,C,NS,NS,R,NS,NS,NS,R,NS,NS,NS,NS,NS,NS,NS,NS,NS,NS,NR,NR,NR,South Wales,"NM, DLS",cross reference with Mark's data form site,SM967047 ,51.7045,-4.9433
28,8,2022,Broad Haven ,NS,NS,O,NS,NS,NS,NS,NS,S,S,C,A,A,S,NS,NS,NS,NS,A,C,C,A,NS,NS,NS,NS,NS,NS,NS,NS,NS,NS,NS,NS,NS,C,O,NS,NS,A,NS,NS,O,S,A,NS,A,A,NS,S,NS,NS,NS,A,C,C,NS,A,NS,NS,A,NS,F,F,A,C,NS,NS,NS,NS,NS,NS,NS,NS,NS,NS,NS,NS,NS,NS,NS,NS,NS,NR,NR,NR,South Wales,"NM, DLS",,SM859144,51.7871,-5.1057
29,8,2022,West Angle Bay ,NS,A,S,NS,NS,NS,NS,C,A,O,C,C,O,A,NS,NS,NS,NS,F,A,NS,C,NS,NS,NS,NS,NS,NS,NS,S,NS,NS,NS,NS,F,O,NS,NS,NS,F,NS,NS,F,S,A,NS,NS,NS,NS,NS,NS,NS,NS,A,A,NS,NS,A,NS,A,A,NS,O,C,O,NS,NS,NS,NS,NS,NS,NS,NS,NS,NS,NS,NS,NS,NS,NS,NS,NS,NS,NR,NR,NR,South Wales,"NM, DLS",,SM848038,51.6916,-5.1151
16,9,2022,Salcombe South Sands,R,NS,A,R,NS,NS,NS,S,C,NS,NS,NS,NS,A,NS,NS,NS,NS,NS,O,O,O,NS,NS,NS,F,NS,NS,A,A,F,NS,NS,NS,C,A,A,NS,R,C,NS,NS,O,S,O,NS,A,NS,NS,O,NS,NS,NS,A,A,C,NS,C,NS,NS,A,NS,NS,A,A,C,NS,R,NS,NS,NS,NS,NS,NS,NS,NS,NS,NS,NS,NS,NS,NS,NS,NR,NR,NR,Southwest England,"NM, SJH",,SX728376 ,50.2283,-3.7763
25,9,2022,Bude ,NS,NS,NS,NS,NS,NS,NS,NS,NS,NS,C,C,F,NS,NS,NS,NS,NS,NS,NS,R,C,NS,NS,NS,NS,NS,NS,NS,NS,NS,NS,NS,NS,NS,NS,NS,C,R,C,NS,A,O,S,O,NS,NS,NS,NS,A,NS,NS,NS,A,C,O,NS,O,NS,NS,O,NS,NS,F,A,A,A,NS,NS,NS,NS,NS,NS,NS,NS,NS,NS,NS,NS,NS,NS,NS,NS,NR,NR,NR,Northwest France ,"NM, GB ",massive infill of sediment across the entire shore from near the café to AJS rock ,SS199072,50.8362,-4.5592
6,11,2022,Brignogan,NS,NS,S,NS,NS,NS,NS,NS,NS,S,S,S,C,S,NS,NS,NS,NS,NS,NS,F,O,NS,NS,NS,NS,NS,NS,NS,C,A,NS,NS,NS,NS,R,NS,NS,O,NS,NS,NS,NS,O,NS,NS,NS,O,NS,NS,NS,NS,NS,A,O,F,NS,A,NS,NS,A,NS,NS,A,NS,F,NS,NS,NS,NS,NS,NS,NS,NS,NS,NS,NS,NS,NS,NS,NS,NS,NS,NR,NR,NR,Northwest France ,"NM, MJ",,NA,48.6758,-4.3373
9,11,2022,Cap Fréhel Plage de la Fosse,C,NS,NS,NS,NS,NS,NS,NS,F,NS,NS,O,O,S,NS,NS,NS,NS,S,NS,NS,A,NS,NS,NS,NS,NS,NS,NS,NS,NS,NS,NS,NS,C,A,NS,NS,NS,O,NS,NS,F,O,A,NS,A,O,NS,A,NS,NS,NS,C,A,NS,NS,A,O,NS,A,NS,O,O,NS,A,NS,NS,NS,NS,NS,NS,NS,NS,NS,NS,NS,NS,NS,NS,NS,NS,NS,NR,NR,NR,Northwest France ,"NM, MJ",,NA,48.6659,-2.3472
10,11,2022,Goury,F,NS,NS,NS,NS,NS,NS,O,C,NS,NS,NS,NS,NS,NS,NS,NS,NS,A,C,NS,F,NS,NS,NS,NS,NS,NS,R,NS,NS,NS,NS,NS,O,F,F,R,NS,O,NS,NS,F,C,A,NS,F,F,NS,NS,NS,NS,NS,A,A,C,NS,A,A,C,A,NS,NS,A,NS,NS,NS,NS,NS,NS,NS,NS,NS,NS,NS,NS,NS,NS,NS,NS,C,NS,NS,NR,NR,NR,Northwest France ,"NM, MJ",New Env loggers deployed ,NA,49.7172,-1.948
7,11,2022,Le Guerzit,R,NS,NS,NS,NS,NS,NS,NS,A,NS,NS,O,S,A,NS,NS,NS,NS,NS,C,NS,A,NS,NS,NS,NS,NS,NS,NS,A,O,NS,NS,NS,NS,O,O,NS,NS,F,NS,NS,C,A,A,NS,C,A,NS,NS,NS,NS,NS,A,C,C,NS,A,F,O,A,NS,O,O,C,C,NS,NS,NS,NS,NS,NS,NS,NS,NS,NS,NS,NS,NS,NS,NS,NS,NS,NR,NR,NR,Northwest France ,"NM, MJ",,NA,48.6967,-3.8402
7,11,2022,Locquirec,NS,NS,NS,NS,NS,NS,NS,NS,S,NS,F,C,A,O,NS,NS,NS,NS,S,NS,O,A,NS,NS,NS,NS,NS,NS,NS,NS,NS,NS,NS,NS,O,C,NS,C,NS,NS,NS,NS,NS,S,C,NS,A,C,NS,A,NS,NS,NS,A,C,C,NS,NS,O,NS,NS,NS,F,C,F,F,R,C,NS,NS,NS,NS,NS,NS,NS,NS,NS,NS,NS,NS,NS,NS,NS,NR,NR,NR,Northwest France ,"NM, MJ",,NA,48.6926,-3.6449
8,11,2022,"Quiberon, Cote du Sauvage",NS,NS,NS,NS,NS,NS,NS,NS,NS,NS,NS,NS,A,NS,NS,NS,NS,NS,NS,NS,NS,A,NS,NS,NS,NS,NS,NS,NS,NS,F,NS,NS,NS,NS,NS,A,NS,NS,F,NS,NS,C,S,NS,NS,NS,NS,C,A,NS,NS,NS,A,A,C,NS,A,NS,NS,C,NS,NS,R,A,NS,NS,NS,NS,NS,NS,NS,NS,NS,NS,NS,NS,NS,NS,NS,NS,NS,NS,NR,NR,NR,Northwest France ,"NM, MJ","huge surf, couldn't see kelps due to waves",NA,47.4838,-3.1437
6,11,2022,Roscoff ,NS,NS,NS,NS,NS,NS,NS,NS,NS,A,NS,O,S,S,NS,NS,NS,NS,NS,NS,O,O,NS,NS,NS,NS,R,NS,NS,NS,NS,NS,NS,NS,O,NS,NS,NS,NS,NS,NS,NS,NS,A,F,NS,NS,F,NS,NS,NS,NS,NS,C,O,O,NS,C,NS,A,A,NS,NS,F,F,O,NS,NS,NS,NS,NS,NS,NS,NS,NS,NS,NS,NS,NS,NS,NS,NS,NS,NR,NR,NR,Northwest France ,"NM, MJ",,NA,48.4363,-3.5941
9,11,2022,St Malo Fort National Intra-muros Plage du Silon,NS,NS,NS,NS,NS,NS,NS,NS,C,NS,A,A,A,S,NS,NS,NS,NS,NS,A,C,C,NS,NS,NS,NS,NS,NS,NS,NS,NS,NS,NS,NS,NS,O,R,R,NS,O,NS,NS,F,S,A,NS,NS,O,NS,NS,NS,NS,NS,A,C,F,NS,A,A,A,A,NS,NS,C,NS,F,NS,C,NS,NS,NS,NS,NS,NS,NS,NS,NS,NS,NS,NS,NS,NS,NS,NR,NR,NR,Northwest France ,"NM, MJ",,NA,49.3501,-0.7516
19,2,2023,Corbyn Head ,NS,NS,S,NS,NS,F,NS,A,S,NS,A,S,S,S,NS,NS,NS,NS,NS,A,C,NS,A,NS,S,F,NS,C,NS,A,C,NS,NS,O,C,A,R,NS,NS,O,NS,S,O,S,C,NS,A,C,NS,R,NS,NS,NS,A,A,A,NS,A,NS,C,A,O,A,F,A,C,NS,O,NS,NS,NS,NS,NS,NS,NS,NS,NS,NS,NS,NS,A,NS,NS,NS,NS,R,,"NM, SJH",,SX908632,50.4586,-3.54
20,2,2023,Renney Rocks ,NS,S,S,O,NS,NS,NS,A,S,NS,C,A,A,F,NS,R,NS,NS,S,A,A,S,NS,NS,C,NS,NS,NS,O,F,A,NS,NS,NS,O,C,O,R,R,A,NS,NS,O,S,C,NS,C,NS,NS,R,NS,NS,NS,A,A,C,O,A,NS,NS,A,R,NS,A,A,A,NS,O,NS,NS,NS,NS,NS,NS,NS,NS,NS,NS,NS,NS,NS,NS,NS,NS,NS,NS,,"NM, SJH, BH, MJ, GB",,SX491486,50.3179,-4.131
20,2,2023,Wembury Church Reef ,NS,S,S,NS,A,NS,NS,NS,C,C,A,C,A,A,NS,NS,NS,NS,S,A,A,A,NS,NS,C,NS,NS,NS,O,C,NS,NS,NS,A,F,A,NS,NS,NS,A,NS,NS,C,S,O,NS,S,NS,NS,NS,NS,NS,NS,A,A,C,NS,A,NS,A,A,F,A,A,A,A,NS,R,NS,NS,NS,NS,NS,NS,NS,NS,NS,NS,NS,NS,NS,NS,NS,NS,NS,NS,,"NM, SJH, BH, MJ, GB",,SX518481,50.314,-4.083
10,3,2023,Cellar Beach ,NR,NR,NR,NR,NR,NR,NR,S,NR,NR,F,NR,NR,A,NR,NR,NR,NR,NR,S,C,C,NR,NR,NR,F,NR,NR,R,A,NR,NR,NR,NR,A,S,R,NR,A,C,NR,NR,C,S,C,NR,S,A,NR,NR,C,NR,NR,NR,NR,A,NR,A,NR,C,A,C,C,S,S,A,NR,F,NR,NR,NR,NR,NR,NR,NR,NR,NR,NR,NR,NR,A,NR,NR,NR,NR,NR,,SJH,(Too high a tide for much kelp); Osmundea pinnatifida (A); Corralina officianalis (S);,SX531477,50.3108,-4.0645
20,3,2023,Looe SJH Site ,NS,NS,S,NS,NS,NS,NS,C,A,A,S,S,A,A,NS,NS,NS,NS,NS,A,A,A,NS,NS,S,NS,NS,O,R,A,A,NS,NS,NS,C,C,O,NS,NS,F,NS,NS,C,S,O,NS,A,C,NS,NS,A,NS,NS,A,A,F,NS,A,NS,C,A,F,C,A,C,C,NS,NS,NS,NS,NS,NS,NS,NS,NS,NS,NS,NS,NS,NS,NS,NS,NS,NS,NS,NS,,"NM, SJH, BH, MJ",,SX252519,50.341,-4.458
20,3,2023,Looe Hannafore Point ,NS,NS,O,NS,NS,NS,NS,NS,NS,NS,O,O,A,S,NS,NS,NS,NS,NS,A,A,A,NS,NS,NS,NS,NS,NS,NS,NS,NS,NS,NS,NS,C,NS,NS,NS,NS,A,NS,NS,F,S,O,NS,NS,NS,NS,F,NS,NS,NS,A,A,F,NS,C,NS,NS,F,NS,NS,A,A,A,NS,O,NS,NS,NS,NS,NS,NS,NS,NS,NS,NS,NS,NS,NS,NS,NS,NS,NS,NS,,"NM, SJH, BH, MJ",,SX257525,50.3465,-4.4512
21,3,2023,Lyme Regis Broadledge,NR,S,S,F,NR,R,NR,NR,S,NR,NR,NR,S,S,NR,A,NR,S,NR,F,A,NR,NR,NR,A,NR,NR,R,NR,A,NR,NR,NR,NR,F,C,O,NR,NR,F,NR,A,F,S,F,F,A,C,NR,R,NR,NR,NR,NR,NR,C,NR,A,NR,A,NR,NR,S,A,A,S,NR,NR,NR,NR,NR,NR,NR,NR,NR,NR,NR,NR,NR,NR,NR,NR,NR,NR,NR,NR,,"SJH, BH",Corallina officianalis (S); Dumontia contorta (A); Osmundea pinnatifida (A);,SY345920,50.714,-2.952
22,3,2023,Osmington Mills ,NS,NS,S,NS,NS,R,NS,NS,A,C,NS,S,A,S,NS,NS,NS,NS,NS,C,C,A,NS,NS,A,NS,NS,F,NS,O,A,NS,NS,NS,O,R,NS,NS,NS,O,NS,A,A,S,F,NS,A,R,NS,R,NS,NS,NS,A,A,A,NS,A,NS,F,A,NS,C,A,A,A,NS,NS,NS,NS,NS,NS,NS,NS,NS,NS,NS,NS,NS,NS,NS,NS,NS,NS,NS,NS,,"NM, SJH, BH",,SY735816,50.633,-2.376
22,3,2023,Portland (Café),NS,NS,S,NS,NS,NS,NS,C,NS,NS,NS,C,A,A,NS,NS,NS,NS,A,A,C,NS,NS,NS,S,A,NS,NS,NS,O,NS,NS,NS,NS,NS,O,NS,NS,NS,R,NS,NS,A,A,O,NS,O,NS,NS,R,NS,NS,NS,A,A,A,NS,C,NS,NS,R,NS,NS,A,A,NS,NS,NS,NS,NS,NS,NS,NS,NS,NS,NS,NS,NS,NS,NS,NS,NS,NS,NS,NS,NS,,"NM, SJH, BH",,SY675682,50.5126,-2.4569
22,3,2023,Portland (RJH),NR,NR,NR,NR,NR,NR,NR,NR,NR,NR,NR,NR,NR,NR,NR,NR,NR,NR,A,NR,NR,NR,NR,NR,NR,NR,NR,NR,NR,NR,NR,NR,NR,NR,NR,NR,NR,NR,NR,NR,NR,NR,NR,NR,NR,NR,NR,NR,NR,NR,NR,NR,NR,NR,NR,NR,NR,NR,NR,NR,NR,NR,NR,NR,NR,NR,NR,NR,NR,NR,NR,NR,NR,NR,NR,NR,NR,NR,NR,NR,NR,NR,NR,NR,NR,NR,,NM,,SY679714,50.5414,-2.4544
22,3,2023,Pembrokeshire Powerstation,NS,NS,NS,NS,NS,NS,NS,NS,R,R,R,R,NS,NS,NS,NS,NS,NS,NS,NS,NS,NS,NS,NS,NS,NS,NS,NS,NS,NS,NS,NS,NS,NS,NS,R,O,NS,NS,A,R,NS,NS,O,C,NS,NS,A,NS,O,NS,NS,NS,C,O,NS,NS,F,NS,NS,C,NS,O,C,C,O,NS,R,R,NS,NS,NS,NS,NS,NS,NS,NS,NS,NS,NS,NS,NS,NS,NS,NS,NS,,"MB, KL, AM",,SM930032,51.6896,-4.9956
23,3,2023,"Weymouth, the Nothe",NS,NS,NS,NS,NS,NS,NS,NS,A,S,C,S,S,S,NS,NS,NS,NS,NS,NS,NS,C,NS,NS,NS,NS,NS,F,NS,O,NS,NS,NS,NS,NS,O,R,NS,NS,R,NS,NS,O,A,O,NS,NS,NS,NS,NS,NS,NS,NS,C,F,NS,NS,A,NS,C,A,NS,O,A,C,F,NS,NS,NS,NS,NS,NS,NS,NS,NS,NS,NS,NS,NS,NS,NS,NS,NS,NS,NS,NS,,"NM, SJH, BH",Osmundea pinnatifida (A); Corallina officianalis ©,SY686785,50.6062,-2.4448
23,3,2023,Swanage Peveril Point ,O,NS,C,NS,NS,NS,NS,NS,S,NS,NS,A,A,S,NS,NS,NS,NS,NS,C,R,NS,NS,NS,NS,NS,NS,F,NS,C,NS,NS,NS,NS,NS,R,R,NS,R,NS,NS,NS,F,A,F,NS,O,NS,NS,NS,NS,NS,NS,C,A,NS,NS,A,NS,O,NS,NS,O,A,A,NS,NS,NS,NS,NS,NS,NS,NS,NS,NS,NS,NS,NS,NS,NS,NS,NS,NS,NS,NS,NS,,"NM, SJH, BH",,SZ040786,50.607,-1.945
24,3,2023,Kimmeridge Boulders,NS,NS,NS,NS,NS,NS,NS,NS,A,NS,NS,NS,S,C,NS,NS,NS,NS,NS,NS,O,R,NS,NS,NS,NS,NS,F,NS,NS,NS,NS,NS,NS,NS,R,NS,NS,NS,C,NS,NS,C,A,NS,NS,NS,NS,NS,NS,NS,NS,NS,O,R,C,NS,F,NS,NS,O,NS,O,O,A,O,NS,NS,NS,NS,NS,NS,NS,NS,NS,NS,NS,NS,NS,NS,NS,NS,NS,NS,NS,NS,,"NM, SJH, BH",,SY904791,50.608,-2.132
5,4,2023,Duckpool,NR,NR,NR,NR,NR,NR,NR,NR,S,NR,NR,A,A,NR,NR,NR,NR,NR,NR,A,C,A,NR,NR,NR,NR,NR,NR,NR,NR,NR,NR,NR,NR,C,S,NR,NR,F,F,NR,S,A,S,F,NR,A,NR,NR,A,NR,NR,NR,A,A,A,NR,C,NR,NR,A,NR,O,A,S,A,NR,NR,NR,NR,NR,NR,NR,NR,NR,NR,NR,NR,NR,NR,NR,NR,NR,NR,NR,NR,,SJH,Corallina officianalis (A); ,SS198111,50.8712,-4.5625
6,4,2023,Trevone,R,S,S,NS,NS,A,NS,F,S,R,A,F,S,S,NS,C,A,F,S,NS,O,A,NS,NS,C,NS,NS,NS,NS,C,NS,NS,NS,NS,A,A,R,NS,NS,O,NS,R,A,S,A,NS,A,NS,NS,S,NS,NS,NS,A,A,S,NS,A,NS,F,A,R,F,F,C,C,F,NS,NS,NS,NS,NS,NS,NS,NS,NS,NS,NS,NS,NS,NS,NS,NS,NS,NS,NS,,"NM, SJH, MJ",,SW886760,50.545,-4.985
7,4,2023,Langerstone Point ,NS,NS,NS,NS,NS,NS,NS,NS,S,NS,A,O,NS,R,NS,NS,NS,NS,S,NS,C,A,NS,NS,NS,NS,NS,NS,O,NS,NS,NS,NS,NS,NS,NS,R,NS,NS,C,NS,NS,O,A,NS,NS,NS,NS,NS,NS,NS,NS,NS,A,C,F,NS,A,NS,NS,A,NS,A,C,NS,O,NS,NS,NS,NS,NS,NS,NS,NS,NS,NS,NS,NS,NS,NS,NS,NS,NS,NS,NS,NS,,"NM, SJH, MJ",,SX783353,50.2051,-3.7068
7,4,2023,Prawle Point,NS,A,A,NS,NS,O,NS,C,A,NS,NS,C,NS,C,NS,NS,NS,R,S,A,A,C,NS,NS,F,C,NS,NS,NS,O,NS,NS,NS,NS,C,F,O,O,NS,O,NS,NS,S,S,O,NS,F,NS,NS,NS,C,NS,NS,A,A,A,O,C,NS,C,C,O,O,A,A,O,NS,NS,NS,NS,NS,NS,NS,NS,NS,NS,NS,NS,NS,NS,NS,NS,NS,NS,NS,NS,,"NM, SJH, BH, GB",,SX776351,50.2032,-3.7165
8,4,2023,Brixham Shoalstone,NS,S,S,O,NS,A,NS,O,S,NS,S,A,S,S,NS,NS,NS,NS,NS,A,A,A,A,NS,A,A,NS,O,NS,A,A,NS,NS,NS,A,A,R,NS,R,O,NS,NS,C,S,C,NS,S,A,NS,R,NS,NS,NS,A,C,A,R,A,NS,C,A,R,A,A,A,C,NS,O,O,NS,NS,NS,NS,NS,NS,NS,NS,NS,NS,NS,C,NS,NS,NS,NS,NS,,"NM, SJH, BH, GB",,SX937568,50.401,-3.497
9,4,2023,Hartland Quay ,NS,NS,A,NS,NS,NS,NS,NS,A,NS,F,C,A,C,NS,C,NS,NS,S,A,A,A,NS,NS,NS,NS,NS,NS,NS,NS,F,NS,NS,NS,C,A,F,NS,NS,R,NS,O,A,S,F,NS,O,NS,NS,R,NS,NS,NS,A,A,A,NS,A,NS,O,A,NS,C,C,A,C,NS,NS,NS,NS,NS,NS,NS,NS,NS,NS,NS,NS,NS,NS,NS,NS,NS,NS,NS,NS,,"NM, SJH, GB",,SS221248,50.995,-4.537
10,4,2023,Port Gaverne,NS,NS,S,NS,NS,NS,NS,C,S,NS,C,A,C,A,NS,NS,NS,NS,NS,A,C,C,NS,NS,NS,NS,NS,NS,NS,NS,C,NS,NS,NS,C,C,A,NS,O,C,NS,S,C,S,F,NS,A,NS,NS,F,NS,NS,NS,A,A,A,NS,O,NS,NS,A,NS,S,O,A,O,NS,NS,NS,NS,NS,NS,NS,NS,NS,NS,NS,NS,NS,NS,NS,NS,NS,NS,NS,NS,,"NM, SJH, GB, BH, MJ",,SX001811,50.5952,-4.8259
10,4,2023,New Polzeath,NS,A,A,NS,NS,NS,NS,NS,A,NS,R,A,C,A,NS,R,C,NS,S,F,C,A,NS,NS,C,NS,NS,NS,NS,NS,O,NS,NS,NS,C,A,R,NS,F,A,NS,R,C,S,C,NS,A,NS,NS,A,NS,NS,NS,A,A,C,NS,C,NS,NS,A,R,NS,NS,A,A,NS,NS,NS,NS,NS,NS,NS,NS,NS,NS,NS,NS,NS,NS,NS,NS,NS,NS,NS,NS,,"NM, SJH, GB, BH, MJ",,SW931798,50.5811,-4.9239
17,4,2023,Marazion,NS,NS,S,R,NS,NS,NS,NS,A,C,S,A,S,A,NS,R,NS,NS,A,A,C,S,NS,NS,C,NS,NS,F,C,A,F,NS,NS,NS,F,A,R,NS,NS,F,NS,A,F,S,R,NS,A,F,NS,R,A,NS,NS,A,A,F,NS,A,NS,C,A,F,F,A,C,C,NS,O,NS,NS,NS,NS,NS,NS,NS,NS,NS,NS,NS,NS,NS,NS,NS,NS,NS,NS,,"NM, SJH, BH, GB",,SW512304,50.1213,-5.4821
17,4,2023,Mousehole ,NS,S,S,NS,NS,NS,NS,C,A,NS,C,S,S,A,NS,NS,NS,NS,S,A,A,C,NS,NS,NS,NS,NS,NS,F,A,S,NS,NS,NS,O,O,R,NS,R,F,NS,NS,S,S,NS,NS,C,NS,NS,R,C,NS,NS,A,A,A,NS,A,NS,F,A,R,NS,A,A,A,NS,O,NS,NS,NS,NS,NS,NS,NS,NS,NS,NS,NS,NS,NS,NS,NS,NS,NS,NS,,"NM, SJH, BH, GB",,SW470261,50.0811,-5.5379
18,4,2023,Sennen Cove Inner ,R,S,S,O,NS,R,R,A,NS,NS,A,O,A,C,NS,NS,NS,NS,A,S,A,A,NS,NS,NS,NS,NS,NS,F,S,NS,NS,NS,NS,A,O,R,NS,NS,A,NS,NS,S,S,F,NS,A,NS,NS,F,NS,NS,NS,A,F,A,NS,A,NS,O,A,NS,NS,A,A,A,NS,NS,NS,NS,NS,NS,NS,NS,NS,NS,NS,NS,NS,NS,NS,NS,NS,NS,NS,NS,,"NM, SJH, BH, GB",,SW349264,50.079,-5.706
18,4,2023,Cape Cornwall ,R,S,S,NS,NS,R,O,A,NS,NS,C,O,C,A,NS,NS,NS,NS,S,A,A,A,NS,NS,NS,NS,NS,NS,NS,O,NS,NS,NS,NS,A,NS,F,NS,NS,A,NS,NS,S,A,F,NS,O,NS,NS,F,NS,NS,NS,A,C,A,R,C,NS,F,C,R,NS,NS,A,A,NS,NS,NS,NS,NS,NS,NS,NS,NS,NS,NS,NS,NS,NS,NS,NS,NS,NS,NS,NS,,"NM, SJH, BH, GB",,SW351320,50.129,-5.708
19,4,2023,St Ives ,NS,NS,NS,NS,NS,NS,R,C,S,NS,S,S,S,A,NS,NS,NS,NS,C,A,A,C,NS,NS,NS,NS,NS,NS,NS,A,NS,NS,NS,NS,C,C,C,NS,NS,F,NS,NS,C,A,F,NS,A,NS,NS,A,NS,NS,NS,C,C,A,NS,R,NS,NS,NS,NS,NS,O,C,C,NS,NS,NS,NS,NS,NS,NS,NS,NS,NS,NS,NS,NS,NS,NS,NS,NS,NS,NS,NS,,"NM, SJH, GB",entire shore from high - mid is covered in 80-95% fucoid algae ,SW522411,50.2178,-5.4751
19,4,2023,Godrevy,NS,S,S,NS,NS,C,F,C,S,NS,NS,C,A,A,NS,NS,NS,NS,NS,S,C,C,NS,NS,NS,NS,NS,NS,O,A,NS,NS,NS,NS,A,S,C,NS,R,C,NS,NS,C,S,C,NS,S,NS,NS,S,NS,NS,NS,A,A,A,R,A,NS,A,A,F,F,C,A,A,NS,NS,NS,NS,NS,NS,NS,NS,NS,NS,NS,NS,NS,NS,A,NS,NS,NS,NS,NS,,"NM, SJH, GB",,SW579432,50.2398,-5.3956
20,4,2023,Lizard,F,S,S,F,NS,O,A,S,A,R,NS,C,C,S,NS,C,NS,NS,A,S,S,A,NS,NS,A,S,C,NS,NS,C,NS,NS,NS,NS,A,A,F,NS,NS,A,NS,NS,A,S,O,NS,A,NS,NS,C,F,NS,NS,A,A,A,NS,A,NS,A,A,R,O,A,A,A,NS,NS,NS,NS,NS,NS,NS,NS,NS,NS,NS,NS,NS,NS,NS,NS,NS,NS,NS,NS,,"NM, SJH, GB",,SW700115,49.959,-5.208
21,4,2023,Porthleven,NS,NS,S,NS,NS,O,NS,S,A,NS,NS,C,S,S,NS,C,NS,NS,S,A,C,A,NS,NS,NS,NS,NS,NS,R,O,NS,NS,NS,NS,C,A,O,NS,R,O,NS,NS,A,S,NS,NS,C,NS,NS,R,A,NS,NS,A,A,A,R,A,NS,A,A,F,A,NS,A,A,NS,R,NS,NS,NS,NS,NS,NS,NS,NS,NS,NS,NS,NS,NS,NS,NS,NS,NS,NS,,"NM, SJH, GB, BH",,SW625254,50.081,-5.321
22,4,2023,Newquay Little Fistral,NS,NS,NS,NS,NS,NS,NS,NS,C,NS,C,S,A,C,NS,NS,NS,NS,NS,NS,A,A,NS,NS,NS,NS,NS,NS,NS,NS,NS,NS,NS,NS,O ,C,NS,NS,A,C,NS,NS,A,S,F,NS,R,NS,NS,S,NS,NS,NS,A,A,A,NS,A,NS,NS,NS,NS,NS,O,A,A,C,NS,NS,NS,NS,NS,NS,NS,NS,NS,NS,NS,NS,NS,NS,NS,NS,NS,NS,NS,,"NM, GB",,SW799626,50.4218,-5.1014
22,4,2023,Newquay Lenard's Rock,NS,S,S,R,NS,O,NS,A,C,NS,S,A,S,NS,NS,NS,NS,NS,NS,A,A,A,NS,NS,A,NS,NS,NS,NS,O,NS,NS,NS,NS,C,C,NS,NS,NS,R,NS,NS,A,S,A,F,A,NS,NS,F,NS,NS,NS,A,A,A,NS,O,NS,NS,R,NS,NS,C,A,C,NS,NS,NS,NS,NS,NS,NS,NS,NS,NS,NS,NS,NS,NS,S,NS,NS,NS,NS,NS,,"NM, SJH, GB",,SW802628,50.4238,-5.0959
3,5,2023,Woolacombe ,NR,NR,A,C,NR,NR,NR,NR,S,NR,C,F,O,A,NR,F,NR,C,S,A,A,A,NR,NR,A,NR,NR,NR,NR,C,NR,NR,NR,NR,C,A,A,R,F,A,NR,R,C,S,F,NR,S,A,NR,S,NR,NR,NR,A,A,A,NR,C,NR,NR,A,NR,A,C,A,S,NR,NR,NR,NR,NR,NR,NR,NR,NR,NR,NR,NR,NR,NR,NR,NR,NR,NR,NR,NR,,SJH,Corallina officianalis (S); Osmundea pinnatifida (A); ,SS452446,51.1754,-4.2142
4,5,2023,Down End Croyde ,NR,NR,NR,NR,NR,NR,NR,NR,NR,R,S,A,A,NR,NR,NR,NR,NR,C,A,A,A,NR,NR,NR,NR,NR,NR,NR,NR,NR,NR,NR,NR,C,A,NR,R,O,A,NR,S,C,S,C,NR,S,A,NR,NR,NR,NR,NR,NR,NR,A,NR,A,NR,NR,A,NR,A,A,A,A,NR,NR,NR,NR,NR,NR,NR,NR,NR,NR,NR,NR,NR,NR,NR,NR,NR,NR,NR,R,,SJH,Corallina officianalis (S); Rhodothamniella floridula (S); Osmundea pinnatifida (A)+,,51.127,-4.24
5,5,2023,Welcombe Mouth ,NS,NS,NS,NS,NS,NS,NS,NS,NS,A,O,R,S,A,NS,NS,A,NS,C,NS,S,C,NS,NS,NS,NS,NS,NS,NS,NS,NS,NS,NS,NS,NS,NS,R,NS,R,O,NS,A,C,S,NS,NS,NS,NS,NS,O,NS,NS,NS,A,A,C,NS,C,NS,NS,A,NS,F,C,A,A,NS,NS,NS,NS,NS,NS,NS,NS,NS,NS,NS,NS,NS,NS,NS,NS,NS,NS,NS,NS,,"NM, BH",,SS210179,50.9326,-4.5488
5,5,2023,Widemouth Black Rock,NS,NS,NS,NS,NS,NS,NS,NS,S,S,A,A,S,S,NS,NS,NS,NS,NS,A,S,A,NS,NS,C,NS,NS,NS,NS,NS,NS,NS,NS,NS,NS,NS,R,NS,NS,F,NS,S,C,S,O,NS,NS,NS,NS,R,NS,NS,NS,C,A,C,NS,A,NS,NS,A,NS,O,O,A,C,R,NS,NS,NS,NS,NS,NS,NS,NS,NS,NS,NS,NS,NS,NS,NS,NS,NS,NS,NS,,"NM, BH",,SS191010,50.78,-4.567
5,5,2023,Lynmouth ,NR,S,A,A,NR,NR,NR,NR,S,F,A,A,O,A,NR,NR,NR,NR,NR,A,A,NR,NR,NR,NR,R,NR,NR,NR,A,NR,NR,NR,NR,C,S,C,NR,C,C,NR,NR,C,S,C,C,A,C,NR,R,NR,NR,NR,NR,NR,A,NR,A,NR,A,A,NR,F,A,A,A,NR,NR,NR,NR,NR,NR,NR,NR,NR,NR,NR,NR,NR,NR,NR,NR,NR,NR,NR,R,,SJH,,SS718501,51.2356,-3.8378
6,5,2023,Down End Croyde ,NR,NR,NR,NR,NR,NR,NR,NR,S,NR,NR,NR,NR,A,NR,NR,NR,NR,NR,NR,NR,NR,NR,NR,A,NR,NR,NR,NR,A,NR,NR,NR,NR,NR,NR,O,NR,F,A,NR,NR,NR,NR,NR,NR,NR,NR,NR,S,NR,NR,NR,A,C,NR,NR,NR,NR,NR,NR,NR,NR,NR,NR,NR,O,NR,NR,NR,NR,NR,NR,NR,NR,NR,NR,NR,NR,NR,NR,NR,NR,NR,NR,NR,,SJH,Cladostephus spp. (F);,SS433387,51.127,-4.24
7,5,2023,Bude ,NS,NS,NS,NS,NS,NS,NS,NS,NS,O,A,A,A,NS,NS,NS,NS,NS,NS,R,NS,A,NS,NS,NS,NS,NS,NS,NS,NS,NS,NS,NS,NS,NS,NS,NS,F,R,C,NS,A,C,S,O,NS,NS,NS,NS,A,NS,NS,NS,A,A,NS,NS,O,NS,NS,O,NS,NS,R,A,C,A,NS,NS,NS,NS,NS,NS,NS,NS,NS,NS,NS,NS,NS,NS,NS,NS,NS,NS,NS,,"NM, GB",rocky reefs by entrance to Crooklets beach have massive sand inundation @ AJS rock. Massive loss of reef on landward ridge of rocks.,SS199072,50.8362,-4.5592
8,5,2023,Crackington Haven,NS,NS,NS,NS,NS,NS,NS,NS,S,A,NS,O,S,A,NS,C,NS,NS,NS,O,S,C,NS,NS,NS,NS,NS,NS,NS,F,NS,NS,NS,NS,R,NS,R,NS,F,R,NS,A,C,S,R,NS,NS,NS,NS,NS,NS,NS,NS,C,C,C,NS,A,NS,NS,A,NS,O,NS,NS,C,NS,NS,NS,NS,NS,NS,NS,NS,NS,NS,NS,NS,NS,NS,NS,NS,NS,NS,NS,NS,,"NM, GB",,SS199072,50.8362,-4.5592
16,5,2023,Herne Bay Hampton Pier ,NS,NS,NS,NS,NS,NS,NS,NS,F,R,NS,S,A,A,NS,NS,NS,NS,NS,NS,C,NS,NS,NS,NS,NS,NS,NS,F,NS,NS,NS,NS,NS,NS,NS,NS,NS,NS,F,NS,NS,NS,NS,A,NS,NS,S,NS,S,NS,NS,NS,O,NS,NS,NS,R,NS,R,NS,NS,S,A,NS,C,NS,C,O,NS,NS,NS,NS,NS,NS,NS,NS,NS,NS,NS,NS,NS,C,R,NS,NS,,"NM, SJH ",,TR178684,51.3734,1.1286
16,5,2023,Herne Bay Harbour Neptune Breakwater ,NS,NS,NS,NS,NS,NS,NS,NS,F,C,NS,S,S,NS,NS,NS,NS,NS,NS,NS,NS,NS,NS,NS,NS,NS,NS,NS,NS,NS,NS,NS,NS,NS,NS,NS,NS,NS,NS,NS,NS,NS,NS,NS,NS,NS,NS,A,NS,NS,NS,NS,NS,NS,NS,NS,NS,NS,NS,NS,NS,NS,NS,NS,NS,NS,NS,NS,C,NS,NS,NS,NS,NS,NS,NS,NS,NS,NS,NS,NS,NS,NS,NS,NS,NS,,"NM, SJH ",,TR173685,51.374,1.1216
16,5,2023,West Bay ,NS,NS,NS,NS,NS,NS,NS,NS,NS,NS,NS,A,S,O,NS,NS,NS,NS,NS,NS,C,NS,NS,NS,NS,NS,NS,NS,NS,NS,NS,NS,NS,NS,NS,NS,NS,NS,NS,O,NS,NS,NS,NS,C,NS,NS,S,NS,A,NS,NS,NS,F,NS,NS,NS,A,NS,C,NS,NS,S,F,NS,C,NS,A,NS,NS,NS,NS,NS,NS,NS,NS,NS,NS,NS,NS,NS,NS,NS,NS,NS,NS,,"NM, SJH ",,SY459904,50.7106,-2.7676
16,5,2023,Margate,NS,NS,NS,NS,NS,NS,NS,NS,NS,NS,NS,A,A,NS,NS,NS,NS,NS,NS,NS,NS,NS,NS,NS,NS,NS,NS,NS,NS,NS,NS,NS,NS,NS,NS,NS,NS,NS,NS,R,NS,NS,NS,NS,A,NS,NS,A,NS,NS,NS,NS,NS,C,NS,NS,NS,A,NS,R,NS,NS,A,O,NS,A,NS,A,NS,NS,NS,NS,NS,NS,NS,NS,NS,NS,NS,NS,NS,NS,F,NS,NS,NS,,"NM, SJH ",Dumontia contorta (O); Corallina officianalis (A); ,TR347709,51.3889,1.372
17,5,2023,St Margaret's Bay ,NS,S,C,NS,NS,NS,NS,NS,NS,NS,NS,S,A,S,NS,NS,NS,NS,NS,A,S,NS,NS,NS,NS,NS,NS,NS,NS,NS,NS,NS,NS,NS,NS,NS,NS,NS,NS,C,NS,NS,NS,NS,A,R,NS,C,NS,NS,NS,NS,NS,A,NS,NS,NS,F,NS,C,NS,NS,A,A,R,R,NS,NS,NS,NS,NS,NS,NS,NS,NS,NS,NS,NS,NS,NS,NS,NS,NS,NS,NS,NS,,"NM, SJH ",,TR368442,51.1487,1.3851
17,5,2023,Folkestone,NS,A,A,NS,NS,NS,NS,NS,NS,A,NS,S,A,A,NS,NS,NS,NS,NS,O,O,NS,NS,NS,NS,NS,NS,NS,NS,A,NS,NS,NS,NS,NS,NS,NS,NS,NS,NS,NS,NS,NS,NS,S,A,NS,C,NS,O,NS,NS,NS,C,NS,NS,NS,A,NS,O,R,NS,O,A,C,A,NS,NS,NS,NS,NS,NS,NS,NS,NS,NS,NS,NS,NS,NS,NS,NS,NS,NS,NS,NS,,"NM, SJH ",Corallina officianalis (A 50%); Sabellaria spinulosa (S);,TR243363,51.0826,1.2052
17,5,2023,Ramsgate,NS,NS,NS,NS,NS,NS,NS,NS,NS,NS,NS,NS,NS,NS,NS,NS,NS,NS,NS,O,A,NS,NS,NS,NS,NS,NS,NS,NS,NS,NS,NS,NS,NS,NS,NS,NS,NS,NS,F,NS,NS,NS,NS,A,R,NS,A,NS,S,NS,NS,NS,A,NS,NS,NS,A,NS,F,NS,NS,S,A,O,F,NS,A,NS,NS,NS,NS,NS,NS,NS,NS,NS,NS,NS,NS,NS,NS,NS,NS,NS,NS,,"NM, SJH ",Osmundea pinnatifida (S);,TR391654,51.3373,1.4314
17,5,2023,North Foreland ,NS,NS,NS,NS,NS,NS,NS,NS,NS,NS,NS,A,C,F,NS,NS,NS,NS,NS,NS,F,NS,NS,NS,NS,NS,NS,NS,NS,A,NS,NS,NS,NS,NS,NS,NS,NS,NS,F,NS,NS,NS,NS,A,R,NS,A,NS,A,NS,NS,NS,F,NS,NS,NS,A,NS,F,NS,NS,S,A,NS,A,NS,F,NS,NS,NS,NS,NS,NS,NS,NS,A,NS,NS,NS,NS,NS,F,NS,NS,NS,,"NM, SJH ",Osmundea pinnatifida (A); Corallina officianalis (A); ,TR397710,51.388,1.4444
18,5,2023,Hastings Rock-A-Nore ,NS,NS,NS,NS,NS,NS,NS,NS,A,NS,NS,A,S,NS,NS,NS,NS,NS,NS,NS,A,NS,NS,NS,NS,NS,NS,NS,NS,NS,NS,NS,NS,NS,NS,O,A,NS,R,C,NS,NS,NS,NS,S,A,C,A,NS,A,NS,NS,NS,NS,NS,NS,NS,A,NS,C,O,NS,A,A,A,A,NS,C,O,NS,NS,NS,NS,NS,NS,NS,NS,NS,NS,NS,NS,NS,NS,NS,NS,NS,,"NM, SJH ",Corallina officianalis (S); Osmundea pinnatifida (A+); Molgula manhattensis (S); ,TQ810089,50.8598,0.6109
19,5,2023,Beachy Head,NS,NS,NS,NS,NS,NS,NS,NS,C,NS,NS,S,NS,A,NS,NS,NS,NS,NS,R,S,NS,NS,NS,NS,NS,NS,NS,NS,C,NS,NS,NS,NS,NS,NS,F,NS,NS,C,NS,NS,NS,NS,S,S,A,C,NS,R,NS,NS,NS,A,R,C,NS,A,NS,C,C,NS,S,C,NS,A,NS,F,NS,NS,NS,NS,NS,NS,NS,NS,NS,NS,NS,NS,NS,NS,NS,NS,NS,NS,,"NM, SJH ",Osmundea pinnatifida (A++); Corallina officianalis (S); Rhodothamniella floridula (S);,TV595956,50.738,0.2591
19,5,2023,Newhaven,NS,NS,NS,R,NS,NS,NS,NS,S,NS,NS,S,A,S,NS,NS,NS,NS,NS,A,C,NS,NS,NS,A,A,NS,NS,NS,NS,NS,NS,NS,NS,NS,NS,NS,NS,R,C,NS,NS,NS,NS,A,C,F,R,NS,R,NS,NS,NS,NS,R,NS,NS,A,NS,C,A,NS,S,NS,NS,A,NS,O,NS,NS,NS,NS,NS,NS,NS,NS,NS,NS,NS,NS,NS,NS,NS,NS,NS,NS,,"NM, SJH ",Osmundea pinnatifida (S++); Corallina officianalis (A); ,TV440998,50.7805,-0.4215
20,5,2023,Brighton Marina East ,NS,NS,NS,C,NS,NS,NS,NS,C,NS,NS,S,A,A,NS,NS,NS,NS,NS,C,S,NS,NS,NS,NS,NS,NS,NS,NS,NS,NS,NS,NS,NS,NS,NS,F,NS,F,F,NS,NS,NS,NS,C,A,C,A,NS,C,NS,NS,NS,A,NS,NS,NS,A,NS,A,A,NS,A,A,C,A,NS,A,O,NS,NS,NS,NS,NS,NS,NS,NS,NS,NS,NS,NS,NS,NS,NS,NS,R,,"NM, SJH ",strongs signs of sediment impact of lowshore ,TQ315043,50.8232,-0.1343
20,5,2023,Elmer ,NR,NR,NR,NR,NR,NR,NR,NR,NR,NR,NR,F,NR,NR,NR,NR,NR,NR,NR,NR,A,NR,NR,NR,NR,NR,NR,NR,NR,NR,NR,NR,NR,NR,NR,NR,C,NR,NR,C,NR,NR,NR,NR,NR,NR,NR,NR,NR,O,NR,NR,NR,NR,NR,NR,NR,NR,NR,R,C,NR,S,A,R,A,NR,O,NR,NR,NR,NR,NR,NR,NR,NR,NR,NR,NR,NR,NR,NR,NR,NR,NR,NR,,"NM, SJH ",Corallina officianalis (A); ,SZ983998,50.7905,-0.6013
7,6,2023,Lyme Regis Broadledge,NS,NS,NS,NS,NS,NS,NS,NS,A,NS,NS,NS,S,S,NS,NS,NS,NS,NS,O,A,NS,NS,NS,NS,NS,NS,NS,NS,O,NS,NS,NS,NS,NS,NS,R,NS,NS,O,NS,S,O,S,O,R,A,NS,NS,NS,NS,NS,NS,A,C,C,NS,A,NS,F,A,NS,S,A,A,C,NS,NS,NS,NS,NS,NS,NS,NS,NS,NS,NS,NS,NS,NS,NS,NS,NS,NS,NS,NS,,"NM, GB",,SY345920,50.714,-2.952
7,6,2023,Lyme Regis MAK Site ,NS,NS,NS,R,NS,NS,NS,NS,S,NS,NS,A,C,S,NS,NS,NS,A,NS,NS,O,NS,NS,NS,NS,NS,NS,C,NS,F,NS,NS,NS,C,NS,NS,F,NS,NS,R,NS,S,O,S,O,NS,C,R,NS,NS,NS,NS,NS,A,C,C,NS,A,NS,F,O,NS,NS,C,NS,C,NS,NS,NS,NS,NS,NS,NS,NS,NS,NS,NS,NS,NS,NS,NS,NS,NS,NS,NS,NS,,"NM, GB",,SY345920,50.7238,-2.9293
2,7,2023,Rhyl Splash Point ,NS,NS,NS,NS,NS,NS,NS,NS,NS,NS,NS,S,NS,NS,NS,NS,NS,NS,NS,NS,NS,NS,NS,NS,NS,NS,NS,NS,NS,NS,NS,NS,NS,NS,NS,NS,NS,NS,NS,NS,NS,NS,NS,NS,C,NS,NS,S,NS,NS,NS,NS,NS,NS,NS,NS,NS,NS,NS,NS,NS,NS,R,NS,NS,NS,NS,NS,NS,NS,NS,NS,NS,NS,NS,NS,NS,NS,NS,NS,NS,NS,NS,NS,NS,NS,,"NM, HS",,SJ021824,53.3299,-3.4715
2,7,2023,Llanddulas,NS,NS,NS,NS,NS,NS,NS,NS,NS,NS,NS,S,NS,NS,NS,NS,NS,NS,NS,NS,C,NS,NS,NS,NS,NS,NS,NS,NS,NS,NS,NS,NS,NS,NS,NS,NS,NS,NS,C,NS,S,NS,NS,A,NS,NS,S,NS,NS,NS,NS,NS,C,NS,NS,NS,A,NS,NS,C,NS,A,NS,NS,F,NS,NS,NS,NS,NS,NS,NS,NS,NS,NS,NS,NS,NS,NS,NS,NS,NS,NS,NS,NS,,"NM, HS, DLS",,SH906787,53.2933,-3.6296
2,7,2023,Rhos on Sea,NS,NS,NS,NS,NS,NS,NS,NS,NS,NS,NS,C,NS,NS,NS,NS,NS,NS,NS,NS,C,NS,NS,NS,NS,NS,NS,NS,NS,NS,NS,NS,NS,NS,NS,NS,NS,NS,NS,F,NS,NS,NS,NS,A,NS,NS,S,NS,NS,NS,NS,NS,F,NS,NS,NS,A,NS,NS,A,NS,A,NS,NS,F,NS,NS,NS,NS,NS,NS,NS,NS,NS,NS,NS,NS,NS,NS,NS,NS,NS,NS,NS,NS,,"NM, HS, DLS",,SH843805,53.3114,-3.7381
2,7,2023,Little Orme ,NS,NS,NS,NS,NS,NS,NS,NS,NS,NS,NS,C,A,S,NS,NS,NS,NS,NS,NS,F,NS,NS,NS,NS,NS,NS,NS,NS,A,NS,NS,NS,NS,NS,NS,NS,NS,NS,C,NS,NS,NS,NS,S,NS,NS,A,NS,NS,NS,NS,NS,A,NS,NS,NS,C,NS,NS,NS,NS,F,NS,C,C,NS,NS,NS,NS,NS,NS,NS,NS,NS,NS,NS,NS,NS,NS,NS,NS,NS,NS,NS,NS,,"NM, HS, DLS",lots of freshwater flow down shore and across site.,SH812825,53.326,-3.7852
2,7,2023,Great Orme East ,NS,NS,NS,NS,NS,NS,NS,NS,NS,S,S,S,C,A,NS,NS,NS,NS,NS,NS,S,NS,NS,NS,NS,NS,NS,NS,NS,NS,NS,NS,NS,NS,NS,O,NS,NS,NS,F,NS,NS,NS,R,S,NS,NS,C,NS,R,NS,NS,NS,C,NS,NS,NS,A,NS,C,C,NS,A,O,NS,A,NS,NS,NS,NS,NS,NS,NS,NS,NS,NS,NS,NS,NS,NS,NS,NS,NS,NS,NS,NS,,"NM, HS, DLS",lots of drift algae covered in bryozoans and hydroids ,SH782832,53.3321,-3.8297
2,7,2023,Great Orme Trwynygogarth,NS,NS,NS,NS,NS,NS,NS,NS,NS,NS,R,C,A,S,NS,NS,NS,NS,NS,NS,S,NS,NS,NS,NS,NS,NS,NS,NS,NS,NS,NS,NS,NS,NS,C,NS,NS,NS,F,NS,NS,NS,NS,A,NS,NS,C,NS,O,NS,NS,NS,C,NS,NS,NS,A,NS,NS,O,NS,A,O,NS,C,NS,NS,NS,NS,NS,NS,NS,NS,NS,NS,NS,NS,NS,NS,NS,NS,NS,NS,NS,NS,,"NM, HS, DLS",lots of sediment infill on site,SH749834,53.3327,-3.8801
3,7,2023,Penmaenmawr Natural,NS,NS,NS,NS,NS,NS,NS,NS,NS,NS,R,S,NS,NS,NS,NS,NS,NS,NS,NS,C,NS,NS,NS,NS,NS,NS,NS,NS,NS,NS,NS,NS,NS,NS,NS,NS,NS,NS,C,NS,NS,NS,F,S,NS,NS,C,NS,NS,NS,NS,NS,NS,NS,NS,NS,C,NS,NS,F,NS,S,A,A,A,NS,NS,NS,NS,NS,NS,NS,NS,NS,NS,NS,NS,NS,NS,NS,NS,NS,NS,NS,NS,,"NM, HS, DLS",lots of sand infill in boulderfield,SH704763,53.2674,-3.944
3,7,2023,Trefor,NS,NS,NS,NS,NS,NS,NS,NS,NS,NS,O,A,S,NS,NS,NS,NS,NS,NS,NS,NS,NS,NS,NS,NS,NS,NS,NS,NS,NS,NS,NS,NS,NS,NS,NS,NS,NS,NS,NS,NS,NS,NS,C,C,NS,NS,NS,NS,NS,NS,NS,NS,O,NS,NS,NS,A,NS,NS,A,NS,F,C,NS,NS,NS,NS,NS,NS,NS,NS,NS,NS,NS,NS,NS,NS,NS,NS,NS,NS,NS,NS,NS,NS,,"NM, HS, DLS",,SH376474,52.9992,-4.4215
3,7,2023,Caernarfon ,NS,NS,NS,NS,NS,NS,NS,NS,NS,O,NS,NS,A,NS,NS,NS,NS,NS,NS,NS,F,NS,NS,NS,NS,NS,NS,NS,NS,NS,NS,NS,NS,NS,NS,R,NS,NS,NS,R,NS,NS,NS,NS,A,NS,NS,A,NS,NS,NS,NS,NS,C,NS,NS,NS,A,NS,NS,A,NS,A,NS,NS,O,NS,NS,NS,NS,NS,NS,NS,NS,NS,NS,NS,NS,NS,NS,NS,NS,NS,NS,NS,NS,,"NM, HS  ",,SH521671,53.1374,-4.2897
3,7,2023,Penmon North,O,NS,S,C,NS,NS,NS,NS,A,C,S,S,NS,S,NS,NS,NS,NS,NS,C,A,NS,NS,NS,NS,NS,NS,NS,NS,A,NS,NS,NS,NS,NS,O,NS,NS,NS,O,NS,NS,NS,NS,S,NS,NS,A,NS,O,NS,NS,NS,A,NS,NS,NS,O,NS,O,NS,NS,O,C,NS,F,NS,NS,NS,NS,NS,NS,NS,NS,NS,NS,NS,NS,NS,NS,NS,NS,NS,NS,NS,NS,,"NM, HS, GW",,SH641813,53.3111,-4.0413
3,7,2023,Menai Bridge,NS,A,S,NS,NS,NS,NS,NS,NS,S,S,A,A,S,NS,NS,NS,R,NS,C,A,NS,NS,NS,NS,NS,NS,NS,NS,O,NS,NS,NS,NS,NS,O,NS,NS,NS,NS,NS,NS,NS,NS,S,A,NS,C,NS,NS,NS,NS,NS,C,NS,NS,NS,A,NS,A,F,NS,A,NS,NS,A,NS,NS,NS,NS,NS,NS,NS,NS,NS,NS,NS,NS,NS,NS,NS,NS,NS,NS,NS,NS,,"NM, HS, GW",,SH555714,53.2207,-4.1643
4,7,2023,Bull Bay,NS,NS,NS,NS,NS,NS,NS,NS,NS,S,S,S,S,S,NS,NS,NS,NS,NS,NS,NS,NS,NS,NS,NS,NS,NS,NS,NS,NS,NS,NS,NS,NS,NS,NS,NS,NS,NS,NS,NS,NS,NS,C,A,NS,NS,F,NS,NS,NS,NS,NS,A,NS,NS,NS,NS,NS,NS,O,NS,O,C,NS,C,NS,NS,NS,NS,NS,NS,NS,NS,NS,NS,NS,NS,NS,NS,NS,NS,NS,NS,NS,NS,,"NM, HS, KB",,SH427945,53.4238,-4.3688
4,7,2023,Moelfre,NS,C,S,F,NS,NS,NS,NS,R,S,S,A,S,S,NS,NS,NS,NS,NS,NS,S,NS,NS,NS,NS,NS,NS,NS,NS,NS,NS,NS,NS,NS,NS,NS,NS,NS,NS,NS,NS,NS,NS,F,A,NS,NS,C,NS,NS,NS,NS,NS,C,NS,NS,NS,A,NS,NS,O,NS,A,A,C,C,NS,NS,NS,NS,NS,NS,NS,NS,NS,NS,NS,NS,NS,NS,NS,NS,NS,NS,NS,NS,,"NM, HS, KB",,SH513859,53.349,-4.2354
4,7,2023,Porth Eilian,NS,NS,S,NS,NS,NS,NS,NS,NS,S,S,S,S,NS,NS,NS,NS,NS,NS,NS,NS,NS,NS,NS,NS,NS,NS,NS,NS,NS,NS,NS,NS,NS,NS,NS,NS,NS,NS,O,NS,NS,NS,NS,A,NS,NS,C,NS,NS,NS,NS,NS,F,NS,NS,NS,F,NS,NS,F,NS,C,C,NS,F,NS,NS,NS,NS,NS,NS,NS,NS,NS,NS,NS,NS,NS,NS,NS,NS,NS,NS,NS,NS,,"NM, HS, KB",,SH484929,53.4111,-4.2823
4,7,2023,Point Lynas,NS,NS,S,NS,NS,NS,NS,NS,NS,NS,S,S,S,S,NS,NS,NS,NS,NS,NS,NS,NS,NS,NS,NS,NS,NS,NS,NS,A,NS,NS,NS,NS,NS,NS,NS,NS,NS,NS,NS,NS,NS,NS,A,NS,NS,NS,NS,NS,NS,NS,NS,A,NS,NS,NS,NS,NS,NS,NS,NS,NS,A,NS,F,NS,NS,NS,NS,NS,NS,NS,NS,NS,NS,NS,NS,NS,NS,NS,NS,NS,NS,NS,NS,,"NM, HS, KB",,SH477929,53.4109,-4.2928
4,7,2023,Holyhead,NS,NS,NS,NS,NS,NS,NS,NS,NS,A,S,S,S,S,NS,NS,NS,NS,NS,NS,C,NS,NS,NS,NS,NS,NS,NS,NS,NS,NS,NS,NS,NS,NS,NS,NS,NS,NS,F,NS,NS,NS,O,S,NS,NS,F,NS,NS,NS,NS,NS,C,NS,NS,NS,C,NS,NS,A,NS,S,C,NS,O,NS,NS,NS,NS,NS,NS,NS,NS,NS,NS,NS,NS,NS,NS,NS,NS,NS,NS,NS,NS,,"NM, SJH, HS ",,SH257825,53.3108,-4.6461
4,7,2023,Porth Swtan,NS,NS,R,NS,NS,A,NS,NS,S,NS,A,A,A,A,NS,NS,NS,R,NS,C,C,NS,NS,NS,NS,NS,NS,C,NS,NS,NS,NS,NS,NS,NS,C,NS,NS,NS,F,NS,NS,NS,O,S,NS,NS,F,NS,NS,NS,NS,NS,A,NS,F,NS,A,NS,A,A,NS,C,C,C,C,NS,NS,NS,NS,NS,NS,NS,NS,NS,NS,NS,NS,NS,NS,NS,NS,NS,NS,NS,NS,,"NM, HS, DLS",,SH298891,53.3713,-4.5598
5,7,2023,Rhosneigr,NS,NS,NS,NS,NS,NS,NS,NS,NS,S,NS,S,S,S,NS,NS,NS,NS,NS,NS,NS,NS,NS,NS,NS,NS,NS,NS,NS,NS,NS,NS,NS,NS,NS,NS,R,NS,NS,NS,NS,NS,NS,A,A,NS,NS,NS,NS,NS,NS,NS,NS,C,NS,NS,NS,A,NS,NS,A,NS,A,A,C,O,NS,NS,NS,NS,NS,NS,NS,NS,NS,NS,NS,NS,NS,NS,NS,NS,NS,NS,NS,NS,,"NM, HS, DLS",,SH315725,53.2233,-4.5253
5,7,2023,Aberffraw,NS,F,S,R,NS,NS,NS,NS,C,NS,O,A,A,A,NS,NS,NS,F,NS,C,C,A,NS,NS,O,NS,NS,NS,NS,NS,NS,NS,NS,NS,R,NS,NS,NS,NS,C,NS,NS,R,S,C,NS,NS,NS,NS,R,NS,NS,NS,A,NS,NS,NS,A,NS,NS,A,NS,C,A,A,C,NS,NS,NS,NS,NS,NS,NS,NS,NS,NS,NS,NS,NS,NS,NS,NS,NS,NS,NS,NS,,"NM, HS, DLS  ",,SH337674,53.1776,-4.4899
5,7,2023,Cemlyn,NS,NS,S,R,NS,NS,NS,NS,NS,A,S,S,A,S,NS,NS,NS,NS,NS,NS,A,NS,NS,NS,NS,NS,NS,NS,NS,C,NS,NS,NS,NS,NS,F,NS,NS,NS,F,NS,NS,NS,R,S,NS,NS,R,NS,NS,NS,NS,NS,NS,NS,NS,NS,A,NS,NS,A,NS,C,F,NS,F,NS,NS,NS,NS,NS,NS,NS,NS,NS,NS,NS,NS,NS,NS,NS,NS,NS,NS,NS,NS,,"NM, HS  ",,SH337934,53.4146,-4.5112
6,7,2023,Nefyn ,NS,NS,S,NS,NS,F,F,NS,R,NS,R,S,NS,NS,NS,NS,NS,NS,NS,F,NS,NS,NS,NS,NS,NS,NS,NS,NS,NS,NS,NS,NS,NS,A,NS,NS,NS,NS,C,NS,NS,NS,A,S,NS,NS,NS,NS,NS,NS,NS,NS,A,NS,A,NS,NS,NS,NS,NS,NS,NS,NS,C,C,NS,NS,NS,NS,NS,NS,NS,NS,NS,NS,NS,NS,NS,NS,NS,NS,NS,NS,NS,NS,,"NM, HS, SH, R",,SH335311,52.8516,-4.4742
6,7,2023,Porth Oer,R,NS,C,F,NS,A,F,NS,S,A,S,S,C,S,NS,NS,NS,A,NS,A,C,NS,NS,NS,NS,NS,NS,NS,NS,C,NS,NS,NS,NS,NS,F,A,NS,NS,A,NS,NS,NS,A,A,NS,NS,NS,NS,NS,NS,NS,NS,A,NS,C,NS,NS,NS,NS,NS,NS,F,A,F,C,NS,NS,NS,NS,NS,NS,NS,NS,NS,NS,NS,NS,NS,NS,NS,NS,NS,NS,NS,NS,,"NM, HS, JH, R","Weather overcast, light breeze: tide - outgoing; time 16:30",SH163297,52.8344,-4.7256
7,7,2023,Porth Neigwl,NS,NS,S,NS,NS,NS,NS,NS,NS,NS,A,A,A,S,NS,NS,NS,NS,NS,F,C,NS,NS,NS,NS,NS,NS,NS,NS,F,NS,NS,NS,NS,C,NS,C,NS,NS,C,NS,NS,R,S,A,NS,NS,NS,NS,NS,NS,NS,NS,A,F,NS,NS,A,NS,NS,A,NS,A,A,A,F,NS,NS,NS,NS,NS,NS,NS,NS,NS,NS,NS,NS,NS,NS,NS,NS,NS,NS,NS,NS,,"NM, HS  ",,SH288245,52.7908,-4.5404
7,7,2023,Llanbedrog,NS,NS,NS,NS,NS,NS,NS,NS,O,C,S,A,A,NS,NS,NS,NS,NS,NS,NS,NS,NS,NS,NS,NS,NS,NS,NS,NS,NS,NS,NS,NS,NS,NS,NS,NS,NS,NS,C,NS,NS,NS,A,S,NS,NS,F,NS,O,NS,NS,NS,C,NS,C,NS,F,NS,NS,F,NS,C,F,F,NS,NS,NS,NS,NS,NS,NS,NS,NS,NS,NS,NS,NS,NS,NS,NS,NS,NS,NS,NS,NS,,"NM, HS  ",,SH335311,52.8516,-4.4742
7,7,2023,Aberdaron,NS,NS,NS,F,NS,S,R,NS,NS,O,S,S,S,NS,NS,NS,NS,NS,NS,NS,O,A,NS,NS,NS,NS,NS,NS,NS,NS,NS,NS,NS,NS,NS,NS,NS,NS,NS,NS,NS,NS,NS,A,S,NS,NS,NS,NS,NS,NS,NS,NS,A,F,NS,NS,C,NS,NS,A,NS,A,A,C,O,NS,NS,NS,NS,NS,NS,NS,NS,NS,NS,NS,NS,NS,NS,NS,NS,NS,NS,NS,NS,,"NM, HS  ",,SH166260,52.8003,-4.722
7,7,2023,Criccieth Castle,NS,NS,NS,NS,NS,NS,NS,NS,NS,NS,S,S,S,S,NS,NS,NS,NS,NS,O,NS,NS,NS,NS,NS,NS,NS,NS,NS,NS,NS,NS,NS,NS,NS,NS,NS,NS,NS,O,NS,NS,NS,S,A,NS,NS,F,NS,O,NS,NS,NS,C,F,NS,NS,NS,NS,NS,NS,NS,NS,O,A,NS,NS,NS,NS,NS,NS,NS,NS,NS,NS,NS,NS,NS,NS,NS,NS,NS,NS,NS,NS,NS,,"NM, HS  ",,SH494376,52.9146,-4.2412
7,7,2023,Criccieth Boulders,NS,NS,NS,NS,NS,NS,NS,NS,NS,NS,NS,A,S,S,NS,NS,NS,NS,NS,NS,A,NS,NS,NS,NS,NS,NS,NS,NS,NS,NS,NS,NS,NS,NS,O,NS,NS,NS,O,NS,A,NS,A,S,NS,NS,O,NS,NS,NS,NS,NS,C,NS,NS,NS,A,NS,O,A,NS,C,NS,NS,A,NS,NS,NS,NS,NS,NS,NS,NS,NS,NS,NS,NS,NS,NS,NS,NS,NS,NS,NS,NS,,"NM, DLS",,SN582828,52.4247,-4.0869
8,7,2023,Abersoch Lifeboat Station,NS,NS,NS,NS,NS,NS,NS,NS,NS,S,S,S,S,A,NS,NS,NS,NS,NS,A,A,NS,NS,NS,NS,NS,NS,NS,NS,NS,NS,NS,NS,NS,C,F,R,NS,NS,C,NS,A,NS,S,S,NS,NS,NS,NS,A,NS,NS,NS,A,C,NS,NS,NS,NS,NS,NS,NS,NS,C,A,C,NS,NS,NS,NS,NS,NS,NS,NS,NS,NS,NS,NS,NS,NS,NS,NS,NS,NS,NS,NS,,"NM, HS  ",,SH323265,52.8107,-4.4881
8,7,2023,Porth Ceriad,NS,NS,NS,NS,NS,NS,NS,NS,NS,NS,C,A,S,C,NS,NS,NS,NS,NS,NS,NS,A,NS,NS,NS,NS,NS,NS,NS,NS,NS,NS,NS,NS,NS,F,NS,NS,NS,C,NS,NS,R,S,S,NS,NS,R,NS,NS,NS,NS,NS,A,F,NS,NS,F,NS,NS,NS,NS,NS,A,A,C,NS,NS,NS,NS,NS,NS,NS,NS,NS,NS,NS,NS,NS,NS,NS,NS,NS,NS,NS,NS,,"NM, HS  ",,SH308247,52.7938,-4.5094
28,7,2023,Port of St Mary ,F,NR,NR,NR,NR,NR,NR,S,S,NR,NR,A,A,NR,NR,NR,NR,NR,NR,A,A,C,NR,NR,NR,NR,NR,NR,NR,NR,NR,NR,NR,NR,NR,NR,NR,R,NR,A,NR,NR,R,A,A,NR,NR,NR,NR,NR,NR,NR,NR,A,NR,A,NR,A,NR,A,NR,NR,F,A,A,F,NR,NR,NR,NR,NR,NR,NR,NR,NR,NR,NR,NR,NR,NR,NR,NR,NR,NR,NR,NR,,SJH,Cladophora rupestris (A); Lethesia marina ©; Corallina officianalis (A); Osmundea pinnatifida (A)++;,SC211669,54.0669,-4.7354
31,7,2023,Fenella Beach ,R,NR,NR,NR,NR,NR,NR,NR,A,A,S,S,A,?,NR,NR,NR,NR,NR,NR,F,NR,NR,NR,NR,NR,NR,NR,NR,NR,NR,NR,NR,NR,A,A,NR,NR,NR,A,NR,NR,NR,A,S,NR,NR,C,NR,C,NR,NR,NR,A,NR,A,NR,NR,NR,NR,NR,NR,C,A,A,A,NR,NR,NR,NR,NR,NR,NR,NR,NR,NR,NR,NR,NR,NR,NR,NR,NR,NR,NR,NR,,SJH,Osmundea pinnatifida (F); Corallina officianalis (A);,SC240844,54.225,-4.6992
1,8,2023,Port Erin,NR,NR,S,A,NR,NR,NR,NR,A,A,A,A,A,S,NR,NR,NR,NR,NR,NR,A,NR,NR,NR,NR,NR,NR,NR,NR,NR,NR,NR,NR,NR,A,A,A,F,NR,A,NR,NR,NR,A,S,NR,NR,F,NR,R,NR,NR,NR,A,NR,A,NR,O,NR,A,NR,NR,C,A,A,C,NR,NR,NR,NR,NR,NR,NR,NR,NR,NR,NR,NR,NR,NR,NR,NR,NR,NR,NR,NR,,SJH,Osmundea pinnatifida (A)+; Corallina officianalis (A);,SC193694,54.0891,-4.7626
1,8,2023,Ramsey South Pier,NR,NR,NR,A,NR,NR,NR,NR,NR,O,A,A,A,S,NR,NR,NR,NR,NR,NR,O,F,NR,NR,NR,NR,NR,NR,NR,NR,NR,NR,NR,NR,NR,F,NR,NR,NR,A,NR,NR,NR,C,S,NR,NR,A,NR,NR,NR,NR,NR,NR,NR,R,NR,R,NR,NR,NR,NR,F,A,?,C,NR,NR,NR,NR,NR,NR,NR,NR,NR,NR,NR,NR,NR,NR,NR,NR,NR,NR,NR,NR,,SJH,Osmundea pinnatifida (F); Cladophora rupestris (F); Gibbula magus ®; 2 seagrass plants ,SC455946,54.3237,-4.3754
2,8,2023,Scarlett Point ,NR,S,S,?,NR,A,A,S,S,A,A,A,S,S,NR,NR,NR,NR,NR,S,C,NR,NR,NR,NR,NR,NR,NR,NR,A,NR,NR,NR,NR,A,A,C,NR,NR,NR,NR,NR,R,A,S,NR,NR,R,NR,NR,NR,NR,NR,A,A,S,F,A,NR,A,NR,O,NR,NR,NR,A,NR,NR,NR,NR,NR,NR,NR,NR,NR,NR,NR,NR,NR,NR,NR,NR,NR,NR,NR,NR,,SJH,Osmundea pinnatifida (A)++; Corallina officianalis (S); Osmundea pinnaitifda (S)+; Cladophora rupestris (S); Rhodothamniella floridula (A);,SC194694,54.0627,-4.6557
2,8,2023,Niarbyl Inner ,NR,NR,NR,NR,NR,NR,NR,NR,A,S,S,A,A,NR,NR,NR,NR,NR,NR,C,A,NR,NR,NR,NR,NR,NR,NR,NR,A,NR,NR,NR,NR,C,F,O,NR,NR,A,NR,NR,NR,NR,NR,NR,NR,NR,NR,NR,NR,NR,NR,C,NR,NR,NR,C,NR,A,NR,NR,A,S,NR,C,NR,NR,NR,NR,NR,NR,NR,NR,NR,NR,NR,NR,NR,NR,NR,NR,NR,NR,NR,NR,,SJH,Osmundea pinnatifida (A);,SC207775,54.163,-4.7414
2,8,2023,Niarbyl Outer ,NR,NR,S,NR,NR,NR,C,S,A,A,A,A,A,S,NR,NR,NR,NR,NR,A,A,A,NR,NR,NR,NR,NR,C,NR,A,NR,NR,NR,NR,O,F,NR,NR,NR,NR,NR,NR,NR,F,S,NR,NR,F,NR,O,NR,NR,NR,A,NR,A,A,NR,NR,NR,NR,R,S,NR,NR,A,NR,NR,NR,NR,NR,NR,NR,NR,NR,NR,NR,NR,NR,NR,NR,NR,NR,NR,NR,NR,,SJH,Corallina officianalis (S); Lethesia marina ©; ,SC207773,54.1618,-4.7463
2,8,2023,Filey Brigg (sheltered),NS,NS,NS,NS,NS,NS,NS,NS,NS,NS,S,S,S,S,NS,NS,NS,NS,NS,NS,NS,NS,NS,NS,NS,NS,NS,NS,NS,NS,NS,NS,NS,NS,NS,NS,NS,NS,NS,F,NS,NS,NS,NS,S,NS,NS,NS,NS,NS,NS,NS,NS,C,NS,NS,NS,NS,NS,NS,NS,NS,A,F,O,NS,NS,NS,NS,NS,NS,NS,NS,NS,NS,NS,NS,NS,NS,NS,NS,NS,NS,NS,NS,NS,,"NM, MB ",,TA133814,54.2158,-0.264
3,8,2023,Filey Brigg (exposed),NS,NS,NS,NS,NS,NS,NS,A,NS,A,S,S,O,A,NS,NS,NS,S,NS,C,F,NS,NS,NS,NS,NS,NS,NS,NS,NS,NS,NS,NS,NS,NS,NS,NS,NS,NS,C,NS,NS,NS,NS,A,NS,NS,O,NS,NS,NS,NS,NS,A,NS,A,NS,NS,NS,NS,NS,NS,A,A,O,F,NS,NS,NS,NS,NS,NS,NS,NS,NS,NS,NS,NS,NS,NS,NS,NS,NS,NS,NS,NS,,"NM, HS, DLS",,TA135814,54.2217,-0.2836
3,8,2023,Broad Haven ,NS,NS,NS,NS,NS,NS,NS,NS,O,F,C,R,C,C,NS,NS,NS,NS,F,R,R,NS,NS,NS,NS,NS,NS,NS,NS,R,O,NS,NS,NS,NS,O,F,R,NS,F,NS,NS,NS,A,C,NS,C,O,NS,A,NS,NS,NS,A,O,NS,NS,F,NS,NS,C,NS,C,C,C,F,NS,NS,NS,NS,NS,NS,NS,NS,NS,NS,NS,NS,NS,NS,NS,NS,NS,NS,NS,NS,,"MB, LA ",,SM859144,51.7871,-5.1057
3,8,2023,Dale Jetty ,NS,NS,NS,A,NS,O,NS,NS,F,O,C,F,F,C,NS,NS,NS,NS,NS,C,C,NS,NS,NS,NS,NS,NS,NS,NS,A,F,NS,NS,NS,F,F,O,O,NS,F,NS,NS,O,A,O,NS,O,A,NS,O,NS,NS,NS,A,C,R,NS,C,NS,C,C,R,C,C,C,O,NS,NS,NS,R,NS,NS,O,NS,NS,NS,NS,NS,NS,NS,O,NS,NS,NS,NS,NS,,KL JAT AM,,SM822053,51.7041,-5.1533
3,8,2023,Monkstone Point ,NS,NS,NS,NS,NS,NS,NS,NS,R,NS,O,NS,R,F,NS,NS,NS,NS,NS,C,R,NS,NS,NS,NS,NS,NS,NS,NS,C,A,NS,NS,NS,R,O,NS,NS,NS,F,NS,NS,O,C,A,NS,A,S,NS,A,NS,NS,NS,C,O,NS,NS,C,NS,R,F,NS,F,C,O,A,NS,NS,NS,NS,NS,NS,NS,NS,NS,NS,NS,NS,NS,NS,NS,NS,NS,NS,NS,NS,,MB,,SN150033,51.6978,-4.6784
3,8,2023,Port of St Mary take 2,F,S,S,NR,NR,F,NR,NR,S,NR,NR,A,A,S,NR,NR,NR,NR,NR,NR,NR,NR,NR,NR,NR,NR,NR,NR,NR,NR,NR,NR,NR,NR,NR,NR,NR,NR,NR,NR,NR,NR,NR,NR,NR,NR,NR,NR,NR,NR,NR,NR,NR,NR,NR,NR,F,A,NR,NR,NR,R,NR,NR,NR,NR,NR,NR,NR,NR,NR,NR,NR,NR,NR,NR,NR,NR,NR,NR,NR,NR,NR,NR,NR,NR,,SJH,Cladophora rupestris ©;,SC211669,54.0669,-4.7354
3,8,2023,NS Jones Strip Ledge ,NR,S,S,NR,NR,S,A,S,NR,NR,NR,NR,NR,S,NR,NR,NR,NR,NR,NR,NR,NR,NR,NR,NR,NR,NR,NR,NR,NR,NR,NR,NR,NR,NR,NR,NR,NR,NR,NR,NR,NR,R,A,S,NR,NR,R,NR,NR,NR,NR,NR,NR,NR,NR,NR,C,NR,NR,NR,NR,F,A,A,C,NR,NR,NR,NR,NR,NR,NR,NR,NR,NR,NR,NR,NR,NR,NR,NR,NR,NR,NR,NR,,SJH,Lethesia marina (A); Osmundea pinnatifida (A)++;,,54.0665,-4.7363
4,8,2023,Scalby Mills,NS,S,S,NS,NS,NS,NS,NS,NS,O,NS,S,A,S,NS,NS,NS,NS,NS,NS,A,NS,NS,NS,NS,NS,NS,NS,NS,NS,NS,NS,NS,NS,NS,NS,NS,NS,NS,C,NS,NS,NS,NS,A,NS,NS,NS,NS,NS,NS,NS,NS,A,NS,NS,NS,NS,NS,C,NS,NS,A,C,NS,C,NS,NS,NS,NS,NS,NS,NS,NS,NS,NS,NS,NS,NS,NS,NS,NS,NS,NS,NS,NS,,"NM, HS, DLS",,TA037907,54.3013,-0.4079
4,8,2023,Staithes Cowbar ,NS,NS,S,S,NS,NS,NS,NS,NS,NS,NS,S,NS,O,NS,NS,NS,NS,NS,A,C,NS,NS,NS,NS,NS,NS,NS,NS,NS,NS,NS,NS,NS,C,NS,NS,NS,NS,C,NS,NS,NS,NS,A,NS,NS,NS,NS,NS,NS,NS,NS,A,NS,C,NS,NS,NS,NS,NS,NS,S,A,A,A,NS,NS,NS,NS,NS,NS,NS,NS,NS,NS,NS,NS,NS,NS,NS,NS,NS,NS,NS,NS,,"NM, HS, DLS",Osmundea pinnatifida +++; Coralina officianalis ++; Dictyota dichotoma (now Dictyota implexa) (A) 40%.,NZ784192,54.5609,-0.7141
4,8,2023,Port of St Mary Ledges Kallow Point ,C,NS,NS,NS,NS,NS,NS,NS,NS,A,A,A,NS,NS,NS,NS,NS,NS,NS,NS,NS,NS,NS,NS,NS,NS,NS,NS,NS,NS,NS,NS,NS,NS,C,A,NS,NS,NS,NS,NS,NS,NS,NS,NS,NS,NS,NS,NS,NS,NS,NS,NS,NS,NS,NS,NS,NS,NS,NS,NS,NS,NS,A,O,NS,NS,NS,NS,NS,NS,NS,NS,NS,NS,NS,NS,NS,NS,NS,NS,NS,NS,NS,NS,NS,,SJH,,,54.0673,-4.7363
4,8,2023,Port of St Mary Limpet strip ,NR,S,S,C,NR,A,A,S,NR,NR,NR,NR,A,NR,NR,NR,NR,A,NR,A,NR,NR,NR,NR,NR,NR,NR,NR,NR,A,NR,NR,NR,NR,C,A,NR,NR,NR,C,NR,NR,R,A,S,NR,NR,NR,NR,R,NR,NR,NR,NR,NR,A,F,NR,NR,NR,NR,NR,O,A,A,NR,NR,NR,NR,NR,NR,NR,NR,NR,NR,NR,NR,NR,NR,NR,NR,NR,NR,NR,NR,NR,,SJH,Dilsea carnosa ®; Lethesia marina (A); Osmundea pinnatifida (A) ++;,,,
5,8,2023,Howick Rumbling Kern ,NS,S,S,NS,NS,NS,A,A,NS,A,NS,S,S,A,NS,NS,NS,C,NS,A,NS,NS,NS,NS,NS,NS,NS,NS,NS,A,NS,NS,NS,NS,NS,NS,NS,NS,NS,A,NS,NS,NS,NS,A,NS,NS,NS,NS,NS,NS,NS,NS,A,NS,A,NS,NS,NS,NS,NS,NS,A,F,A,F,NS,NS,NS,NS,NS,NS,NS,NS,NS,NS,NS,NS,NS,NS,NS,NS,NS,NS,NS,NS,,"NM, HS, DLS",,NU262172,55.4485,-1.5862
5,8,2023,Boulmer ,NS,S,S,NS,NS,NS,NS,NS,NS,O,NS,F,S,S,NS,NS,NS,A,NS,A,C,NS,NS,NS,NS,NS,NS,NS,NS,NS,NS,NS,NS,NS,C,NS,NS,NS,NS,O,NS,NS,NS,NS,A,NS,NS,NS,NS,NS,NS,NS,NS,C,NS,NS,NS,NS,NS,A,NS,NS,A,C,C,A,NS,NS,NS,NS,NS,NS,NS,NS,NS,NS,NS,NS,NS,NS,NS,NS,NS,NS,NS,NS,,"NM, HS, DLS",Osmundea pinnatifida (++);,NU266140,55.4187,-1.5729
5,8,2023,Port St Mary ,NR,NR,C,A,NR,NR,NR,NR,S,S,S,S,A,S,NR,NR,NR,NR,NR,NR,S,NR,NR,NR,NR,NR,NR,F,NR,A,NR,NR,NR,NR,NR,NR,NR,NR,NR,NR,NR,NR,NR,NR,A,NR,NR,O,NR,NR,NR,NR,NR,A,NR,NR,NR,C,NR,C,NR,NR,O,A,NR,NR,NR,NR,NR,NR,NR,NR,NR,NR,NR,NR,NR,NR,NR,NR,NR,NR,NR,NR,NR,NR,,SJH,Lethesia marina (A); ,,54.0737,-4.7363
6,8,2023,Newton Point ,NS,S,S,A,NS,NS,S,A,NS,O,A,A,S,A,NS,NS,NS,A,NS,A,A,NS,NS,NS,NS,NS,NS,O,NS,A,NS,NS,NS,NS,NS,NS,NS,NS,NS,NS,NS,NS,NS,NS,S,NS,NS,NS,NS,NS,NS,NS,NS,A,NS,C,A,NS,NS,C,NS,NS,O,A,NS,A,NS,NS,NS,NS,NS,NS,NS,NS,NS,NS,NS,NS,NS,NS,NS,NS,NS,NS,NS,NS,,"NM, DLS",Osmundea pinnatifida +++;,NU247254,55.5221,-1.6097
6,8,2023,Whitestrand,O,NR,S,C,NR,C,A,NR,S,A,A,A,A,A,NR,NR,NR,NR,NR,S,A,NR,NR,NR,NR,NR,NR,NR,NR,NR,NR,NR,NR,NR,A,A,NR,R,NR,C,NR,NR,NR,S,S,C,NR,R,NR,C,NR,NR,NR,NR,NR,A,O,NR,NR,A,NR,NR,S,A,F,C,NR,NR,NR,NR,NR,NR,NR,NR,NR,NR,NR,NR,NR,NR,NR,NR,NR,NR,NR,NR,,SJH,Corallina officianalis (A); Rhodothamniella floridula (S);,NU132440,55.6881,-1.7928
7,8,2023,Castlehead Rocks,NS,S,S,NS,NS,NS,A,C,NS,NS,S,S,S,S,NS,NS,NS,S,NS,C,C,NS,NS,NS,NS,NS,NS,NS,NS,S,NS,NS,NS,NS,C,NS,NS,NS,NS,F,NS,NS,NS,NS,S,NS,NS,NS,NS,NS,NS,NS,NS,A,NS,C,C,NS,NS,A,NS,NS,A,NS,NS,A,NS,NS,NS,NS,NS,NS,NS,NS,NS,NS,O,NS,NS,NS,NS,NS,NS,NS,NS,NS,,"NM, CS, HS, DLS",,NU132440,55.6881,-1.7928
28,8,2023,Aberystwyth,NS,NS,NS,NS,NS,NS,NS,NS,NS,A,NS,C,S,S,NS,NS,NS,NS,NS,NS,C,NS,NS,NS,NS,NS,NS,NS,NS,NS,NS,NS,NS,NS,C,NS,F,NS,R,R,NS,C,O,S,O,NS,NS,NS,NS,NS,NS,NS,NS,A,C,F,NS,A,NS,NS,A,NS,A,C,C,A,NS,NS,NS,NS,NS,NS,NS,NS,NS,NS,NS,NS,NS,NS,NS,NS,NS,NS,NS,NS,,"NM, MB",,SN582828,52.4247,-4.0869
29,8,2023,Borth ,NS,NS,NS,NS,NS,NS,NS,NS,NS,NS,NS,A,C,NS,NS,NS,NS,NS,NS,NS,NS,NS,NS,NS,NS,NS,NS,NS,NS,NS,NS,NS,NS,NS,NS,NS,NS,NS,NS,NS,NS,NS,NS,S,C,NS,NS,F,NS,R,NS,NS,NS,C,C,NS,NS,NS,NS,NS,NS,NS,NS,F,F,R,NS,NS,NS,NS,NS,NS,NS,NS,NS,NS,NS,NS,NS,NS,NS,NS,NS,NS,NS,NS,,"NM, MB",Corallina officianalis (A); Cladostephus spongiosus (A),SN605888,52.4792,-4.0556
30,8,2023,Skokholm ,NS,NS,F,NS,NS,NS,NS,C,NS,S,C,F,C,S,NS,NS,NS,NS,NS,A,O,C,NS,NS,NS,NS,NS,NS,NS,C,R,NS,NS,NS,R,R,C,NS,NS,F,NS,NS,F,A,O,NS,R,O,NS,NS,NS,NS,NS,C,F,O,R,C,NS,NS,A,NS,R,C,C,O,NS,NS,NS,NS,NS,NS,NS,NS,NS,NS,NS,NS,NS,NS,NS,NS,NS,NS,NS,NS,,"NM, BH, MB",,SM733088,51.7319,-5.2845
31,8,2023,West Angle Bay ,NS,A,C,NS,NS,C,NS,A,A,O,S,A,NS,A,NS,NS,NS,R,A,A,A,S,NS,NS,NS,NS,NS,NS,NS,A,S,NS,NS,NS,F,F,O,R,NS,F,NS,NS,NS,S,F,NS,NS,NS,NS,NS,NS,NS,NS,A,A,NS,F,A,NS,F,A,NS,F,F,C,F,NS,NS,NS,NS,NS,NS,NS,NS,NS,NS,NS,NS,NS,NS,NS,NS,NS,NS,NS,NS,,"NM, BH, PB",,SM848038,51.6916,-5.1151
31,8,2023,Neyland Natural,NS,R,NS,F,NS,NS,NS,NS,O,O,NS,C,F,F,NS,NS,NS,NS,NS,C,F,NS,F,NS,NS,NS,NS,NS,F,C,NS,NS,NS,NS,NS,F,NS,NS,NS,NS,NS,NS,NS,O,O,O,NS,A,NS,NS,NS,NS,NS,C,NS,NS,NS,C,NS,O,F,O,A,A,NS,C,NS,NS,R,NS,NS,NS,NS,NS,O,?,NS,NS,NS,NS,NS,NS,NS,NS,NS,NS,,"NM, MB, BH, ",cross reference with Mark's data form site,SM967047 ,51.7045,-4.9433
11,11,2023,Locquirec,NS,NS,NS,NS,NS,NS,NS,NS,A,NS,C,F,C,NS,NS,NS,NS,NS,S,NS,O,A,NS,NS,NS,NS,NS,NS,O,NS,NS,NS,NS,NS,NS,C,F,R,NS,R,NS,A,NS,S,C,O,F,A,NS,S,NS,NS,NS,A,A,NS,NS,A,O,NS,A,NS,S,C,C,F,NS,C,NS,NS,NS,NS,NS,NS,NS,NS,NS,NS,NS,NS,NS,NS,NS,NS,NS,NS,,"NM, BH",,NA,48.6926,-3.6449
11,11,2023,Le Guerzit ,O,NS,NS,NS,NS,NS,NS,NS,A,NS,NS,C,S,A,NS,NS,NS,NS,A,F,C,C,NS,NS,NS,NS,NS,NS,F,NS,C,NS,NS,NS,NS,O,NS,NS,NS,R,NS,NS,NS,S,A,NS,F,C,NS,NS,NS,NS,NS,A,C,?,NS,A,F,O,A,NS,NS,C,NS,C,NS,NS,NS,NS,NS,NS,NS,NS,NS,NS,NS,NS,NS,NS,NS,NS,NS,NS,NS,NS,,"NM, MJ",,NA,48.6967,-3.8402
12,11,2023,Brignogan ,NS,NS,NS,NS,NS,NS,NS,NS,A,S,S,S,C,S,NS,NS,NS,NS,NS,A,O,F,NS,NS,NS,NS,NS,NS,NS,NS,A,NS,NS,NS,O,NS,NS,NS,R,O,NS,NS,A,F,A,NS,NS,A,NS,NS,NS,NS,NS,A,F,F,NS,A,C,NS,A,NS,O,NS,A,F,NS,NS,NS,NS,NS,NS,NS,NS,NS,NS,NS,NS,NS,NS,NS,NS,NS,NS,NS,NS,,"NM, BH",,NA,48.6758,-4.3373
12,11,2023,Roscoff,NS,NS,NS,O,NS,NS,NS,NS,C,S,NS,NS,A,A,NS,NS,NS,NS,NS,NS,O,C,NS,NS,NS,NS,NS,NS,NS,NS,NS,NS,NS,NS,NS,NS,R,NS,NS,O,NS,NS,NS,?,?,NS,NS,A,NS,NS,NS,NS,NS,A,F,NS,NS,C,F,O,A,NS,F,A,C,O,NS,NS,NS,NS,NS,NS,NS,NS,NS,NS,NS,NS,NS,NS,NS,NS,NS,NS,NS,NS,,"NM, BH",,NA,48.4363,-3.5941
13,11,2023,Point de Trevignon,NS,NS,NS,NS,NS,NS,NS,O,R ,NS,S,C,S,A,NS,NS,NS,NS,NS,A,C,A,NS,NS,NS,NS,NS,NS,F,NS,A,NS,NS,NS,F,A,A,NS,R,C,NS,A,A,S,R,NS,C,O,NS,A,A,NS,NS,A,A,F,NS,A,NS,A,A,R,F,C,S,A,NS,C,NS,NS,NS,NS,NS,NS,NS,NS,NS,NS,NS,NS,NS,NS,NS,NS,NS,NS,,"NM, BH",,NA,47.7918,-3.8533
14,11,2023,Quiberon,NS,NS,NS,NS,NS,NS,NS,A,NS,NS,NS,C,A,NS,NS,NS,NS,NS,NS,NS,NS,A,NS,NS,NS,NS,NS,NS,NS,NS,NS,NS,NS,NS,R,C,A,O,NS,A,NS,NS,C,S,NS,NS,NS,NS,O,A,NS,NS,NS,C,C,C,NS,C,NS,NS,F,NS,O,NS,NS,F,NS,NS,NS,NS,NS,NS,NS,NS,NS,NS,NS,NS,C,NS,NS,NS,NS,NS,NS,NS,,"NM, BH",,NA,47.4838,-3.1437
15,11,2023,Goury ,O,NS,NS,NS,NS,NS,NS,NS,A,NS,NS,NS,NS,NS,NS,NS,NS,NS,S,NS,C,F,NS,NS,NS,NS,NS,NS,C,NS,NS,NS,NS,NS,F,F,R,O,NS,O,NS,NS,F,O,A,NS,NS,O,NS,NS,NS,NS,NS,A,A,C,NS,A,C,NS,A,NS,NS,A,C,NS,NS,NS,NS,NS,NS,NS,NS,NS,NS,NS,NS,NS,NS,NS,NS,NS,NS,NS,NS,NS,,"NM, BH",,NA,49.7172,-1.948
15,11,2023,Barfleur ,NS,NS,NS,NS,NS,NS,NS,NS,A,A,NS,A,NS,F,NS,NS,NS,NS,NS,A,NS,O,NS,NS,NS,A,NS,NS,C,NS,A,NS,NS,NS,NS,C,NS,NS,F,O,NS,NS,NS,NS,A,R,F,A,NS,NS,NS,NS,NS,A,O,NS,NS,A,C,A,A,NS,O,A,O,F,NS,NS,NS,NS,NS,NS,NS,NS,NS,NS,NS,NS,NS,NS,NS,R,NS,NS,NS,NS,,"NM, BH",,NA,52.8516,-4.4742
16,11,2023,Saint Malo ,O,NS,NS,NS,NS,NS,NS,NS,S,NS,A,S,A,A,NS,NS,R,NS,NS,A,O,C,NS,NS,NS,NS,NS,NS,R,NS,NS,NS,NS,NS,NS,O,NS,NS,NS,NS,NS,NS,NS,A,S,NS,R,F,NS,O,NS,NS,NS,A,C,C,NS,A,A,F,A,R,NS,C,NS,O,NS,S,NS,NS,NS,NS,NS,NS,NS,NS,NS,NS,NS,NS,NS,R,NS,NS,NS,NS,,"NM, BH",,NA,49.3501,-0.7516
